{	"start":	{		"connected":	[{				"socket":	4,				"local_host":	"10.90.90.2",				"local_port":	56487,				"remote_host":	"10.90.90.1",				"remote_port":	4007			}],		"version":	"iperf 3.1.3",		"system_info":	"CYGWIN_NT-10.0 DESKTOP-1697F3F 2.5.1(0.297/5/3) 2016-04-21 22:14 x86_64",		"timestamp":	{			"time":	"Tue, 19 Jul 2022 14:04:15 GMT",			"timesecs":	1658239455		},		"connecting_to":	{			"host":	"10.90.90.1",			"port":	4007		},		"cookie":	"DESKTOP-1697F3F.1658239455.071140.05",		"test_start":	{			"protocol":	"UDP",			"num_streams":	1,			"blksize":	65500,			"omit":	0,			"duration":	30,			"bytes":	0,			"blocks":	0,			"reverse":	1		}	},	"intervals":	[{			"streams":	[{					"socket":	4,					"start":	0,					"end":	1.001978,					"seconds":	1.001978,					"bytes":	5567500,					"bits_per_second":	44452066.746284,					"jitter_ms":	458203636.242854,					"lost_packets":	912,					"packets":	997,					"lost_percent":	91.474423,					"omitted":	false				}],			"sum":	{				"start":	0,				"end":	1.001978,				"seconds":	1.001978,				"bytes":	5567500,				"bits_per_second":	44452066.746284,				"jitter_ms":	458203636.242854,				"lost_packets":	912,				"packets":	997,				"lost_percent":	91.474423,				"omitted":	false			}		}, {			"streams":	[{					"socket":	4,					"start":	1.001978,					"end":	2.004681,					"seconds":	1.002703,					"bytes":	11659000,					"bits_per_second":	93020569.917404,					"jitter_ms":	4701.238884,					"lost_packets":	1753,					"packets":	1931,					"lost_percent":	90.781978,					"omitted":	false				}],			"sum":	{				"start":	1.001978,				"end":	2.004681,				"seconds":	1.002703,				"bytes":	11659000,				"bits_per_second":	93020569.917404,				"jitter_ms":	4701.238884,				"lost_packets":	1753,				"packets":	1931,				"lost_percent":	90.781978,				"omitted":	false			}		}, {			"streams":	[{					"socket":	4,					"start":	2.004681,					"end":	3.014877,					"seconds":	1.010196,					"bytes":	9956000,					"bits_per_second":	78844107.799991,					"jitter_ms":	7.040299,					"lost_packets":	1326,					"packets":	1478,					"lost_percent":	89.715832,					"omitted":	false				}],			"sum":	{				"start":	2.004681,				"end":	3.014877,				"seconds":	1.010196,				"bytes":	9956000,				"bits_per_second":	78844107.799991,				"jitter_ms":	7.040299,				"lost_packets":	1326,				"packets":	1478,				"lost_percent":	89.715832,				"omitted":	false			}		}, {			"streams":	[{					"socket":	4,					"start":	3.014877,					"end":	4.004019,					"seconds":	0.989142,					"bytes":	8449500,					"bits_per_second":	68338018.229052,					"jitter_ms":	6.158583,					"lost_packets":	1772,					"packets":	1901,					"lost_percent":	93.214098,					"omitted":	false				}],			"sum":	{				"start":	3.014877,				"end":	4.004019,				"seconds":	0.989142,				"bytes":	8449500,				"bits_per_second":	68338018.229052,				"jitter_ms":	6.158583,				"lost_packets":	1772,				"packets":	1901,				"lost_percent":	93.214098,				"omitted":	false			}		}, {			"streams":	[{					"socket":	4,					"start":	4.004019,					"end":	5.001393,					"seconds":	0.997374,					"bytes":	11659000,					"bits_per_second":	93517571.740902,					"jitter_ms":	4.058937,					"lost_packets":	2065,					"packets":	2243,					"lost_percent":	92.064200,					"omitted":	false				}],			"sum":	{				"start":	4.004019,				"end":	5.001393,				"seconds":	0.997374,				"bytes":	11659000,				"bits_per_second":	93517571.740902,				"jitter_ms":	4.058937,				"lost_packets":	2065,				"packets":	2243,				"lost_percent":	92.064200,				"omitted":	false			}		}, {			"streams":	[{					"socket":	4,					"start":	5.001393,					"end":	6.000551,					"seconds":	0.999158,					"bytes":	9497500,					"bits_per_second":	76044036.258713,					"jitter_ms":	6.735428,					"lost_packets":	1571,					"packets":	1716,					"lost_percent":	91.550117,					"omitted":	false				}],			"sum":	{				"start":	5.001393,				"end":	6.000551,				"seconds":	0.999158,				"bytes":	9497500,				"bits_per_second":	76044036.258713,				"jitter_ms":	6.735428,				"lost_packets":	1571,				"packets":	1716,				"lost_percent":	91.550117,				"omitted":	false			}		}, {			"streams":	[{					"socket":	4,					"start":	6.000551,					"end":	7.004255,					"seconds":	1.003704,					"bytes":	10283500,					"bits_per_second":	81964398.046482,					"jitter_ms":	3.574691,					"lost_packets":	1887,					"packets":	2044,					"lost_percent":	92.318982,					"omitted":	false				}],			"sum":	{				"start":	6.000551,				"end":	7.004255,				"seconds":	1.003704,				"bytes":	10283500,				"bits_per_second":	81964398.046482,				"jitter_ms":	3.574691,				"lost_packets":	1887,				"packets":	2044,				"lost_percent":	92.318982,				"omitted":	false			}		}, {			"streams":	[{					"socket":	4,					"start":	7.004255,					"end":	8.014974,					"seconds":	1.010719,					"bytes":	2358000,					"bits_per_second":	18663940.089586,					"jitter_ms":	12.593447,					"lost_packets":	1175,					"packets":	1211,					"lost_percent":	97.027250,					"omitted":	false				}],			"sum":	{				"start":	7.004255,				"end":	8.014974,				"seconds":	1.010719,				"bytes":	2358000,				"bits_per_second":	18663940.089586,				"jitter_ms":	12.593447,				"lost_packets":	1175,				"packets":	1211,				"lost_percent":	97.027250,				"omitted":	false			}		}, {			"streams":	[{					"socket":	4,					"start":	8.014974,					"end":	9.006266,					"seconds":	0.991292,					"bytes":	327500,					"bits_per_second":	2643015.378399,					"jitter_ms":	35.008064,					"lost_packets":	1902,					"packets":	1907,					"lost_percent":	99.737808,					"omitted":	false				}],			"sum":	{				"start":	8.014974,				"end":	9.006266,				"seconds":	0.991292,				"bytes":	327500,				"bits_per_second":	2643015.378399,				"jitter_ms":	35.008064,				"lost_packets":	1902,				"packets":	1907,				"lost_percent":	99.737808,				"omitted":	false			}		}, {			"streams":	[{					"socket":	4,					"start":	9.006266,					"end":	10.009509,					"seconds":	1.003243,					"bytes":	196500,					"bits_per_second":	1566918.530975,					"jitter_ms":	39.113390,					"lost_packets":	1488,					"packets":	1491,					"lost_percent":	99.798793,					"omitted":	false				}],			"sum":	{				"start":	9.006266,				"end":	10.009509,				"seconds":	1.003243,				"bytes":	196500,				"bits_per_second":	1566918.530975,				"jitter_ms":	39.113390,				"lost_packets":	1488,				"packets":	1491,				"lost_percent":	99.798793,				"omitted":	false			}		}, {			"streams":	[{					"socket":	4,					"start":	10.009509,					"end":	11.014757,					"seconds":	1.005248,					"bytes":	65500,					"bits_per_second":	521264.368230,					"jitter_ms":	51.595997,					"lost_packets":	1273,					"packets":	1274,					"lost_percent":	99.921507,					"omitted":	false				}],			"sum":	{				"start":	10.009509,				"end":	11.014757,				"seconds":	1.005248,				"bytes":	65500,				"bits_per_second":	521264.368230,				"jitter_ms":	51.595997,				"lost_packets":	1273,				"packets":	1274,				"lost_percent":	99.921507,				"omitted":	false			}		}, {			"streams":	[{					"socket":	4,					"start":	11.014757,					"end":	12.012762,					"seconds":	0.998005,					"bytes":	0,					"bits_per_second":	0,					"jitter_ms":	51.595997,					"lost_packets":	0,					"packets":	0,					"lost_percent":	0,					"omitted":	false				}],			"sum":	{				"start":	11.014757,				"end":	12.012762,				"seconds":	0.998005,				"bytes":	0,				"bits_per_second":	0,				"jitter_ms":	51.595997,				"lost_packets":	0,				"packets":	0,				"lost_percent":	0,				"omitted":	false			}		}, {			"streams":	[{					"socket":	4,					"start":	12.012762,					"end":	13.010673,					"seconds":	0.997911,					"bytes":	65500,					"bits_per_second":	525096.939895,					"jitter_ms":	54.465941,					"lost_packets":	4471,					"packets":	4472,					"lost_percent":	99.977639,					"omitted":	false				}],			"sum":	{				"start":	12.012762,				"end":	13.010673,				"seconds":	0.997911,				"bytes":	65500,				"bits_per_second":	525096.939895,				"jitter_ms":	54.465941,				"lost_packets":	4471,				"packets":	4472,				"lost_percent":	99.977639,				"omitted":	false			}		}, {			"streams":	[{					"socket":	4,