{	"start":	{		"connected":	[{				"socket":	5,				"local_host":	"10.90.90.1",				"local_port":	4005,				"remote_host":	"10.90.90.2",				"remote_port":	56485			}],		"version":	"iperf 3.9",		"system_info":	"Linux minarady-Latitude-E6430 5.15.0-27-generic #28-Ubuntu SMP Thu Apr 14 04:55:28 UTC 2022 x86_64",		"target_bitrate":	1800000000,		"timestamp":	{			"time":	"Tue, 19 Jul 2022 14:03:46 GMT",			"timesecs":	1658239426		},		"accepted_connection":	{			"host":	"10.90.90.2",			"port":	1050		},		"cookie":	"DESKTOP-1697F3F.1658239423.868210.13",		"sock_bufsize":	0,		"sndbuf_actual":	2000000,		"rcvbuf_actual":	212992,		"test_start":	{			"protocol":	"UDP",			"num_streams":	1,			"blksize":	65500,			"omit":	0,			"duration":	30,			"bytes":	0,			"blocks":	0,			"reverse":	0,			"tos":	0		}	},	"intervals":	[{			"streams":	[{					"socket":	5,					"start":	0,					"end":	1.000075,					"seconds":	1.0000749826431274,					"bytes":	50238500,					"bits_per_second":	401877866.13538277,					"jitter_ms":	0.27453011211433043,					"lost_packets":	2,					"packets":	769,					"lost_percent":	0.26007802340702213,					"omitted":	false,					"sender":	false				}],			"sum":	{				"start":	0,				"end":	1.000075,				"seconds":	1.0000749826431274,				"bytes":	50238500,				"bits_per_second":	401877866.13538277,				"jitter_ms":	0.27453011211433043,				"lost_packets":	2,				"packets":	769,				"lost_percent":	0.26007802340702213,				"omitted":	false,				"sender":	false			}		}, {			"streams":	[{					"socket":	5,					"start":	1.000075,					"end":	2.000075,					"seconds":	1,					"bytes":	65696500,					"bits_per_second":	525572000,					"jitter_ms":	0.352861432841785,					"lost_packets":	1,					"packets":	1004,					"lost_percent":	0.099601593625498,					"omitted":	false,					"sender":	false				}],			"sum":	{				"start":	1.000075,				"end":	2.000075,				"seconds":	1,				"bytes":	65696500,				"bits_per_second":	525572000,				"jitter_ms":	0.352861432841785,				"lost_packets":	1,				"packets":	1004,				"lost_percent":	0.099601593625498,				"omitted":	false,				"sender":	false			}		}, {			"streams":	[{					"socket":	5,					"start":	2.000075,					"end":	3.000586,					"seconds":	1.0005110502243042,					"bytes":	34453000,					"bits_per_second":	275483214.24156982,					"jitter_ms":	0.53455830966340523,					"lost_packets":	39,					"packets":	565,					"lost_percent":	6.9026548672566372,					"omitted":	false,					"sender":	false				}],			"sum":	{				"start":	2.000075,				"end":	3.000586,				"seconds":	1.0005110502243042,				"bytes":	34453000,				"bits_per_second":	275483214.24156982,				"jitter_ms":	0.53455830966340523,				"lost_packets":	39,				"packets":	565,				"lost_percent":	6.9026548672566372,				"omitted":	false,				"sender":	false			}		}, {			"streams":	[{					"socket":	5,					"start":	3.000586,					"end":	4.001074,					"seconds":	1.0004880428314209,					"bytes":	0,					"bits_per_second":	0,					"jitter_ms":	0.53455830966340523,					"lost_packets":	0,					"packets":	0,					"lost_percent":	0,					"omitted":	false,					"sender":	false				}],			"sum":	{				"start":	3.000586,				"end":	4.001074,				"seconds":	1.0004880428314209,				"bytes":	0,				"bits_per_second":	0,				"jitter_ms":	0.53455830966340523,				"lost_packets":	0,				"packets":	0,				"lost_percent":	0,				"omitted":	false,				"sender":	false			}		}, {			"streams":	[{					"socket":	5,					"start":	4.001074,					"end":	5.001053,					"seconds":	0.999979019165039,					"bytes":	0,					"bits_per_second":	0,					"jitter_ms":	0.53455830966340523,					"lost_packets":	0,					"packets":	0,					"lost_percent":	0,					"omitted":	false,					"sender":	false				}],			"sum":	{				"start":	4.001074,				"end":	5.001053,				"seconds":	0.999979019165039,				"bytes":	0,				"bits_per_second":	0,				"jitter_ms":	0.53455830966340523,				"lost_packets":	0,				"packets":	0,				"lost_percent":	0,				"omitted":	false,				"sender":	false			}		}, {			"streams":	[{					"socket":	5,					"start":	5.001053,					"end":	6.001055,					"seconds":	1.0000020265579224,					"bytes":	0,					"bits_per_second":	0,					"jitter_ms":	0.53455830966340523,					"lost_packets":	0,					"packets":	0,					"lost_percent":	0,					"omitted":	false,					"sender":	false				}],			"sum":	{				"start":	5.001053,				"end":	6.001055,				"seconds":	1.0000020265579224,				"bytes":	0,				"bits_per_second":	0,				"jitter_ms":	0.53455830966340523,				"lost_packets":	0,				"packets":	0,				"lost_percent":	0,				"omitted":	false,				"sender":	false			}		}, {			"streams":	[{					"socket":	5,					"start":	6.001055,					"end":	7.000342,					"seconds":	0.99928700923919678,					"bytes":	0,					"bits_per_second":	0,					"jitter_ms":	0.53455830966340523,					"lost_packets":	0,					"packets":	0,					"lost_percent":	0,					"omitted":	false,					"sender":	false				}],			"sum":	{				"start":	6.001055,				"end":	7.000342,				"seconds":	0.99928700923919678,				"bytes":	0,				"bits_per_second":	0,				"jitter_ms":	0.53455830966340523,				"lost_packets":	0,				"packets":	0,				"lost_percent":	0,				"omitted":	false,				"sender":	false			}		}, {			"streams":	[{					"socket":	5,					"start":	7.000342,					"end":	8.000325,					"seconds":	0.999983012676239,					"bytes":	0,					"bits_per_second":	0,					"jitter_ms":	0.53455830966340523,					"lost_packets":	0,					"packets":	0,					"lost_percent":	0,					"omitted":	false,					"sender":	false				}],			"sum":	{				"start":	7.000342,				"end":	8.000325,				"seconds":	0.999983012676239,				"bytes":	0,				"bits_per_second":	0,				"jitter_ms":	0.53455830966340523,				"lost_packets":	0,				"packets":	0,				"lost_percent":	0,				"omitted":	false,				"sender":	false			}		}, {			"streams":	[{					"socket":	5,					"start":	8.000325,					"end":	9.000317,					"seconds":	0.9999920129776,					"bytes":	0,					"bits_per_second":	0,					"jitter_ms":	0.53455830966340523,					"lost_packets":	0,					"packets":	0,					"lost_percent":	0,					"omitted":	false,					"sender":	false				}],			"sum":	{				"start":	8.000325,				"end":	9.000317,				"seconds":	0.9999920129776,				"bytes":	0,				"bits_per_second":	0,				"jitter_ms":	0.53455830966340523,				"lost_packets":	0,				"packets":	0,				"lost_percent":	0,				"omitted":	false,				"sender":	false			}		}, {			"streams":	[{					"socket":	5,					"start":	9.000317,					"end":	10.001053,					"seconds":	1.0007359981536865,					"bytes":	0,					"bits_per_second":	0,					"jitter_ms":	0.53455830966340523,					"lost_packets":	0,					"packets":	0,					"lost_percent":	0,					"omitted":	false,					"sender":	false				}],			"sum":	{				"start":	9.000317,				"end":	10.001053,				"seconds":	1.0007359981536865,				"bytes":	0,				"bits_per_second":	0,				"jitter_ms":	0.53455830966340523,				"lost_packets":	0,				"packets":	0,				"lost_percent":	0,				"omitted":	false,				"sender":	false			}		}, {			"streams":	[{					"socket":	5,					"start":	10.001053,					"end":	11.001071,					"seconds":	1.0000180006027222,					"bytes":	0,					"bits_per_second":	0,					"jitter_ms":	0.53455830966340523,					"lost_packets":	0,					"packets":	0,					"lost_percent":	0,					"omitted":	false,					"sender":	false				}],			"sum":	{				"start":	10.001053,				"end":	11.001071,				"seconds":	1.0000180006027222,				"bytes":	0,				"bits_per_second":	0,				"jitter_ms":	0.53455830966340523,				"lost_packets":	0,				"packets":	0,				"lost_percent":	0,				"omitted":	false,				"sender":	false			}		}, {			"streams":	[{					"socket":	5,					"start":	11.001071,					"end":	12.001046,					"seconds":	0.999975025653839,					"bytes":	0,					"bits_per_second":	0,					"jitter_ms":	0.53455830966340523,					"lost_packets":	0,					"packets":	0,					"lost_percent":	0,					"omitted":	false,					"sender":	false				}],			"sum":	{				"start":	11.001071,				"end":	12.001046,				"seconds":	0.999975025653839,				"bytes":	0,				"bits_per_second":	0,				"jitter_ms":	0.53455830966340523,				"lost_packets":	0,				"packets":	0,				"lost_percent":	0,				"omitted":	false,				"sender":	false			}		}, {			"streams":	[{					"socket":	5,