{	"start":	{		"connected":	[{				"socket":	4,				"local_host":	"10.90.90.2",				"local_port":	63461,				"remote_host":	"10.90.90.1",				"remote_port":	4004			}],		"version":	"iperf 3.1.3",		"system_info":	"CYGWIN_NT-10.0 DESKTOP-1697F3F 2.5.1(0.297/5/3) 2016-04-21 22:14 x86_64",		"timestamp":	{			"time":	"Tue, 19 Jul 2022 13:37:06 GMT",			"timesecs":	1658237826		},		"connecting_to":	{			"host":	"10.90.90.1",			"port":	4004		},		"cookie":	"DESKTOP-1697F3F.1658237826.055087.7e",		"test_start":	{			"protocol":	"UDP",			"num_streams":	1,			"blksize":	65500,			"omit":	0,			"duration":	30,			"bytes":	0,			"blocks":	0,			"reverse":	1		}	},	"intervals":	[{			"streams":	[{					"socket":	4,					"start":	0,					"end":	1.000774,					"seconds":	1.000774,					"bytes":	18667500,					"bits_per_second":	149224514.147538,					"jitter_ms":	1136.590553,					"lost_packets":	1213,					"packets":	1498,					"lost_percent":	80.974633,					"omitted":	false				}],			"sum":	{				"start":	0,				"end":	1.000774,				"seconds":	1.000774,				"bytes":	18667500,				"bits_per_second":	149224514.147538,				"jitter_ms":	1136.590553,				"lost_packets":	1213,				"packets":	1498,				"lost_percent":	80.974633,				"omitted":	false			}		}, {			"streams":	[{					"socket":	4,					"start":	1.000774,					"end":	2.001860,					"seconds":	1.001086,					"bytes":	33405000,					"bits_per_second":	266950093.099101,					"jitter_ms":	1.390267,					"lost_packets":	1293,					"packets":	1803,					"lost_percent":	71.713810,					"omitted":	false				}],			"sum":	{				"start":	1.000774,				"end":	2.001860,				"seconds":	1.001086,				"bytes":	33405000,				"bits_per_second":	266950093.099101,				"jitter_ms":	1.390267,				"lost_packets":	1293,				"packets":	1803,				"lost_percent":	71.713810,				"omitted":	false			}		}, {			"streams":	[{					"socket":	4,					"start":	2.001860,					"end":	3.000033,					"seconds":	0.998173,					"bytes":	33274000,					"bits_per_second":	266679223.360207,					"jitter_ms":	0.657877,					"lost_packets":	1314,					"packets":	1822,					"lost_percent":	72.118551,					"omitted":	false				}],			"sum":	{				"start":	2.001860,				"end":	3.000033,				"seconds":	0.998173,				"bytes":	33274000,				"bits_per_second":	266679223.360207,				"jitter_ms":	0.657877,				"lost_packets":	1314,				"packets":	1822,				"lost_percent":	72.118551,				"omitted":	false			}		}, {			"streams":	[{					"socket":	4,					"start":	3.000033,					"end":	4.002142,					"seconds":	1.002109,					"bytes":	35370000,					"bits_per_second":	282364478.983619,					"jitter_ms":	0.613092,					"lost_packets":	1303,					"packets":	1843,					"lost_percent":	70.699946,					"omitted":	false				}],			"sum":	{				"start":	3.000033,				"end":	4.002142,				"seconds":	1.002109,				"bytes":	35370000,				"bits_per_second":	282364478.983619,				"jitter_ms":	0.613092,				"lost_packets":	1303,				"packets":	1843,				"lost_percent":	70.699946,				"omitted":	false			}		}, {			"streams":	[{					"socket":	4,					"start":	4.002142,					"end":	5.024497,					"seconds":	1.022355,					"bytes":	12641500,					"bits_per_second":	98920621.624471,					"jitter_ms":	4.641688,					"lost_packets":	1509,					"packets":	1702,					"lost_percent":	88.660400,					"omitted":	false				}],			"sum":	{				"start":	4.002142,				"end":	5.024497,				"seconds":	1.022355,				"bytes":	12641500,				"bits_per_second":	98920621.624471,				"jitter_ms":	4.641688,				"lost_packets":	1509,				"packets":	1702,				"lost_percent":	88.660400,				"omitted":	false			}		}, {			"streams":	[{					"socket":	4,					"start":	5.024497,					"end":	6.008630,					"seconds":	0.984133,					"bytes":	393000,					"bits_per_second":	3194690.131895,					"jitter_ms":	5.381004,					"lost_packets":	632,					"packets":	638,					"lost_percent":	99.059561,					"omitted":	false				}],			"sum":	{				"start":	5.024497,				"end":	6.008630,				"seconds":	0.984133,				"bytes":	393000,				"bits_per_second":	3194690.131895,				"jitter_ms":	5.381004,				"lost_packets":	632,				"packets":	638,				"lost_percent":	99.059561,				"omitted":	false			}		}, {			"streams":	[{					"socket":	4,					"start":	6.008630,					"end":	7.002208,					"seconds":	0.993578,					"bytes":	65500,					"bits_per_second":	527386.901277,					"jitter_ms":	5.541675,					"lost_packets":	2046,					"packets":	2047,					"lost_percent":	99.951148,					"omitted":	false				}],			"sum":	{				"start":	6.008630,				"end":	7.002208,				"seconds":	0.993578,				"bytes":	65500,				"bits_per_second":	527386.901277,				"jitter_ms":	5.541675,				"lost_packets":	2046,				"packets":	2047,				"lost_percent":	99.951148,				"omitted":	false			}		}, {			"streams":	[{					"socket":	4,					"start":	7.002208,					"end":	8.015014,					"seconds":	1.012806,					"bytes":	65500,					"bits_per_second":	517374.533429,					"jitter_ms":	7.063643,					"lost_packets":	2359,					"packets":	2360,					"lost_percent":	99.957627,					"omitted":	false				}],			"sum":	{				"start":	7.002208,				"end":	8.015014,				"seconds":	1.012806,				"bytes":	65500,				"bits_per_second":	517374.533429,				"jitter_ms":	7.063643,				"lost_packets":	2359,				"packets":	2360,				"lost_percent":	99.957627,				"omitted":	false			}		}, {			"streams":	[{					"socket":	4,					"start":	8.015014,					"end":	9.001175,					"seconds":	0.986161,					"bytes":	0,					"bits_per_second":	0,					"jitter_ms":	7.063643,					"lost_packets":	0,					"packets":	0,					"lost_percent":	0,					"omitted":	false				}],			"sum":	{				"start":	8.015014,				"end":	9.001175,				"seconds":	0.986161,				"bytes":	0,				"bits_per_second":	0,				"jitter_ms":	7.063643,				"lost_packets":	0,				"packets":	0,				"lost_percent":	0,				"omitted":	false			}		}, {			"streams":	[{					"socket":	4,					"start":	9.001175,					"end":	10.008234,					"seconds":	1.007059,					"bytes":	0,					"bits_per_second":	0,					"jitter_ms":	7.063643,					"lost_packets":	0,					"packets":	0,					"lost_percent":	0,					"omitted":	false				}],			"sum":	{				"start":	9.001175,				"end":	10.008234,				"seconds":	1.007059,				"bytes":	0,				"bits_per_second":	0,				"jitter_ms":	7.063643,				"lost_packets":	0,				"packets":	0,				"lost_percent":	0,				"omitted":	false			}		}, {			"streams":	[{					"socket":	4,					"start":	10.008234,					"end":	11.012697,					"seconds":	1.004463,					"bytes":	0,					"bits_per_second":	0,					"jitter_ms":	7.063643,					"lost_packets":	0,					"packets":	0,					"lost_percent":	0,					"omitted":	false				}],			"sum":	{				"start":	10.008234,				"end":	11.012697,				"seconds":	1.004463,				"bytes":	0,				"bits_per_second":	0,				"jitter_ms":	7.063643,				"lost_packets":	0,				"packets":	0,				"lost_percent":	0,				"omitted":	false			}		}, {			"streams":	[{					"socket":	4,					"start":	11.012697,					"end":	12.001958,					"seconds":	0.989261,					"bytes":	0,					"bits_per_second":	0,					"jitter_ms":	7.063643,					"lost_packets":	0,					"packets":	0,					"lost_percent":	0,					"omitted":	false				}],			"sum":	{				"start":	11.012697,				"end":	12.001958,				"seconds":	0.989261,				"bytes":	0,				"bits_per_second":	0,				"jitter_ms":	7.063643,				"lost_packets":	0,				"packets":	0,				"lost_percent":	0,				"omitted":	false			}		}, {			"streams":	[{					"socket":	4,					"start":	12.001958,					"end":	13.002526,					"seconds":	1.000568,					"bytes":	0,					"bits_per_second":	0,					"jitter_ms":	7.063643,					"lost_packets":	0,					"packets":	0,					"lost_percent":	0,					"omitted":	false				}],			"sum":	{				"start":	12.001958,				"end":	13.002526,				"seconds":	1.000568,				"bytes":	0,				"bits_per_second":	0,				"jitter_ms":	7.063643,				"lost_packets":	0,				"packets":	0,				"lost_percent":	0,				"omitted":	false			}		}, {			"streams":	[{					"socket":	4,					"start":	13.002526,					"end":	14.018693,					"seconds":	1.016167,					"bytes":	0,					"bits_per_second":	0,					"jitter_ms":	7.063643,					"lost_packets":	0,					"packets":	0,					"lost_percent":	0,					"omitted":	false				}],			"sum":	{				"start":	13.002526,				"end":	14.018693,