{	"start":	{		"connected":	[{				"socket":	5,				"local_host":	"10.90.90.1",				"local_port":	4008,				"remote_host":	"10.90.90.2",				"remote_port":	65410			}],		"version":	"iperf 3.9",		"system_info":	"Linux minarady-Latitude-E6430 5.15.0-27-generic #28-Ubuntu SMP Thu Apr 14 04:55:28 UTC 2022 x86_64",		"target_bitrate":	1800000000,		"timestamp":	{			"time":	"Tue, 19 Jul 2022 13:38:42 GMT",			"timesecs":	1658237922		},		"accepted_connection":	{			"host":	"10.90.90.2",			"port":	13844		},		"cookie":	"DESKTOP-1697F3F.1658237918.911628.7c",		"sock_bufsize":	0,		"sndbuf_actual":	2000000,		"rcvbuf_actual":	212992,		"test_start":	{			"protocol":	"UDP",			"num_streams":	1,			"blksize":	65500,			"omit":	0,			"duration":	30,			"bytes":	0,			"blocks":	0,			"reverse":	0,			"tos":	0		}	},	"intervals":	[{			"streams":	[{					"socket":	5,					"start":	0,					"end":	1.000472,					"seconds":	1.0004719495773315,					"bytes":	19388000,					"bits_per_second":	155030833.26376781,					"jitter_ms":	1.107938198414433,					"lost_packets":	42,					"packets":	338,					"lost_percent":	12.42603550295858,					"omitted":	false,					"sender":	false				}],			"sum":	{				"start":	0,				"end":	1.000472,				"seconds":	1.0004719495773315,				"bytes":	19388000,				"bits_per_second":	155030833.26376781,				"jitter_ms":	1.107938198414433,				"lost_packets":	42,				"packets":	338,				"lost_percent":	12.42603550295858,				"omitted":	false,				"sender":	false			}		}, {			"streams":	[{					"socket":	5,					"start":	1.000472,					"end":	2.001054,					"seconds":	1.0005819797515869,					"bytes":	0,					"bits_per_second":	0,					"jitter_ms":	1.107938198414433,					"lost_packets":	0,					"packets":	0,					"lost_percent":	0,					"omitted":	false,					"sender":	false				}],			"sum":	{				"start":	1.000472,				"end":	2.001054,				"seconds":	1.0005819797515869,				"bytes":	0,				"bits_per_second":	0,				"jitter_ms":	1.107938198414433,				"lost_packets":	0,				"packets":	0,				"lost_percent":	0,				"omitted":	false,				"sender":	false			}		}, {			"streams":	[{					"socket":	5,					"start":	2.001054,					"end":	3.001075,					"seconds":	1.0000209808349609,					"bytes":	0,					"bits_per_second":	0,					"jitter_ms":	1.107938198414433,					"lost_packets":	0,					"packets":	0,					"lost_percent":	0,					"omitted":	false,					"sender":	false				}],			"sum":	{				"start":	2.001054,				"end":	3.001075,				"seconds":	1.0000209808349609,				"bytes":	0,				"bits_per_second":	0,				"jitter_ms":	1.107938198414433,				"lost_packets":	0,				"packets":	0,				"lost_percent":	0,				"omitted":	false,				"sender":	false			}		}, {			"streams":	[{					"socket":	5,					"start":	3.001075,					"end":	4.001047,					"seconds":	0.99997198581695557,					"bytes":	0,					"bits_per_second":	0,					"jitter_ms":	1.107938198414433,					"lost_packets":	0,					"packets":	0,					"lost_percent":	0,					"omitted":	false,					"sender":	false				}],			"sum":	{				"start":	3.001075,				"end":	4.001047,				"seconds":	0.99997198581695557,				"bytes":	0,				"bits_per_second":	0,				"jitter_ms":	1.107938198414433,				"lost_packets":	0,				"packets":	0,				"lost_percent":	0,				"omitted":	false,				"sender":	false			}		}, {			"streams":	[{					"socket":	5,					"start":	4.001047,					"end":	5.001054,					"seconds":	1.0000070333480835,					"bytes":	0,					"bits_per_second":	0,					"jitter_ms":	1.107938198414433,					"lost_packets":	0,					"packets":	0,					"lost_percent":	0,					"omitted":	false,					"sender":	false				}],			"sum":	{				"start":	4.001047,				"end":	5.001054,				"seconds":	1.0000070333480835,				"bytes":	0,				"bits_per_second":	0,				"jitter_ms":	1.107938198414433,				"lost_packets":	0,				"packets":	0,				"lost_percent":	0,				"omitted":	false,				"sender":	false			}		}, {			"streams":	[{					"socket":	5,					"start":	5.001054,					"end":	6.001054,					"seconds":	1,					"bytes":	0,					"bits_per_second":	0,					"jitter_ms":	1.107938198414433,					"lost_packets":	0,					"packets":	0,					"lost_percent":	0,					"omitted":	false,					"sender":	false				}],			"sum":	{				"start":	5.001054,				"end":	6.001054,				"seconds":	1,				"bytes":	0,				"bits_per_second":	0,				"jitter_ms":	1.107938198414433,				"lost_packets":	0,				"packets":	0,				"lost_percent":	0,				"omitted":	false,				"sender":	false			}		}, {			"streams":	[{					"socket":	5,					"start":	6.001054,					"end":	7.001051,					"seconds":	0.99999701976776123,					"bytes":	0,					"bits_per_second":	0,					"jitter_ms":	1.107938198414433,					"lost_packets":	0,					"packets":	0,					"lost_percent":	0,					"omitted":	false,					"sender":	false				}],			"sum":	{				"start":	6.001054,				"end":	7.001051,				"seconds":	0.99999701976776123,				"bytes":	0,				"bits_per_second":	0,				"jitter_ms":	1.107938198414433,				"lost_packets":	0,				"packets":	0,				"lost_percent":	0,				"omitted":	false,				"sender":	false			}		}, {			"streams":	[{					"socket":	5,					"start":	7.001051,					"end":	8.001054,					"seconds":	1.0000029802322388,					"bytes":	0,					"bits_per_second":	0,					"jitter_ms":	1.107938198414433,					"lost_packets":	0,					"packets":	0,					"lost_percent":	0,					"omitted":	false,					"sender":	false				}],			"sum":	{				"start":	7.001051,				"end":	8.001054,				"seconds":	1.0000029802322388,				"bytes":	0,				"bits_per_second":	0,				"jitter_ms":	1.107938198414433,				"lost_packets":	0,				"packets":	0,				"lost_percent":	0,				"omitted":	false,				"sender":	false			}		}, {			"streams":	[{					"socket":	5,					"start":	8.001054,					"end":	9.00105,					"seconds":	0.9999960064888,					"bytes":	0,					"bits_per_second":	0,					"jitter_ms":	1.107938198414433,					"lost_packets":	0,					"packets":	0,					"lost_percent":	0,					"omitted":	false,					"sender":	false				}],			"sum":	{				"start":	8.001054,				"end":	9.00105,				"seconds":	0.9999960064888,				"bytes":	0,				"bits_per_second":	0,				"jitter_ms":	1.107938198414433,				"lost_packets":	0,				"packets":	0,				"lost_percent":	0,				"omitted":	false,				"sender":	false			}		}, {			"streams":	[{					"socket":	5,					"start":	9.00105,					"end":	10.001054,					"seconds":	1.0000040531158447,					"bytes":	0,					"bits_per_second":	0,					"jitter_ms":	1.107938198414433,					"lost_packets":	0,					"packets":	0,					"lost_percent":	0,					"omitted":	false,					"sender":	false				}],			"sum":	{				"start":	9.00105,				"end":	10.001054,				"seconds":	1.0000040531158447,				"bytes":	0,				"bits_per_second":	0,				"jitter_ms":	1.107938198414433,				"lost_packets":	0,				"packets":	0,				"lost_percent":	0,				"omitted":	false,				"sender":	false			}		}, {			"streams":	[{					"socket":	5,					"start":	10.001054,					"end":	11.001052,					"seconds":	0.99999797344207764,					"bytes":	0,					"bits_per_second":	0,					"jitter_ms":	1.107938198414433,					"lost_packets":	0,					"packets":	0,					"lost_percent":	0,					"omitted":	false,					"sender":	false				}],			"sum":	{				"start":	10.001054,				"end":	11.001052,				"seconds":	0.99999797344207764,				"bytes":	0,				"bits_per_second":	0,				"jitter_ms":	1.107938198414433,				"lost_packets":	0,				"packets":	0,				"lost_percent":	0,				"omitted":	false,				"sender":	false			}		}, {			"streams":	[{					"socket":	5,					"start":	11.001052,					"end":	12.001047,					"seconds":	0.999994993209839,					"bytes":	0,					"bits_per_second":	0,					"jitter_ms":	1.107938198414433,					"lost_packets":	0,					"packets":	0,					"lost_percent":	0,					"omitted":	false,					"sender":	false				}],			"sum":	{				"start":	11.001052,				"end":	12.001047,				"seconds":	0.999994993209839,				"bytes":	0,				"bits_per_second":	0,				"jitter_ms":	1.107938198414433,				"lost_packets":	0,				"packets":	0,				"lost_percent":	0,				"omitted":	false,				"sender":	false			}		}, {			"streams":	[{					"socket":	5,					"start":	12.001047,					"end":	13.001047,					"seconds":	1,					"bytes":	0,					"bits_per_second":	0,					"jitter_ms":	1.107938198414433,					"lost_packets":	0,					"packets":	0,					"lost_percent":	0,