{	"start":	{		"connected":	[{				"socket":	4,				"local_host":	"10.90.90.2",				"local_port":	62327,				"remote_host":	"10.90.90.1",				"remote_port":	4004			}],		"version":	"iperf 3.1.3",		"system_info":	"CYGWIN_NT-10.0 DESKTOP-1697F3F 2.5.1(0.297/5/3) 2016-04-21 22:14 x86_64",		"timestamp":	{			"time":	"Tue, 19 Jul 2022 14:11:52 GMT",			"timesecs":	1658239912		},		"connecting_to":	{			"host":	"10.90.90.1",			"port":	4004		},		"cookie":	"DESKTOP-1697F3F.1658239912.441408.45",		"test_start":	{			"protocol":	"UDP",			"num_streams":	1,			"blksize":	65500,			"omit":	0,			"duration":	30,			"bytes":	0,			"blocks":	0,			"reverse":	1		}	},	"intervals":	[{			"streams":	[{					"socket":	4,					"start":	0,					"end":	1.001408,					"seconds":	1.001408,					"bytes":	18667500,					"bits_per_second":	149130010.013785,					"jitter_ms":	1136.345622,					"lost_packets":	1667,					"packets":	1952,					"lost_percent":	85.399590,					"omitted":	false				}],			"sum":	{				"start":	0,				"end":	1.001408,				"seconds":	1.001408,				"bytes":	18667500,				"bits_per_second":	149130010.013785,				"jitter_ms":	1136.345622,				"lost_packets":	1667,				"packets":	1952,				"lost_percent":	85.399590,				"omitted":	false			}		}, {			"streams":	[{					"socket":	4,					"start":	1.001408,					"end":	2.001987,					"seconds":	1.000579,					"bytes":	29540500,					"bits_per_second":	236187275.836532,					"jitter_ms":	0.976071,					"lost_packets":	1338,					"packets":	1789,					"lost_percent":	74.790386,					"omitted":	false				}],			"sum":	{				"start":	1.001408,				"end":	2.001987,				"seconds":	1.000579,				"bytes":	29540500,				"bits_per_second":	236187275.836532,				"jitter_ms":	0.976071,				"lost_packets":	1338,				"packets":	1789,				"lost_percent":	74.790386,				"omitted":	false			}		}, {			"streams":	[{					"socket":	4,					"start":	2.001987,					"end":	3.000961,					"seconds":	0.998974,					"bytes":	26789500,					"bits_per_second":	214536095.830049,					"jitter_ms":	1.280790,					"lost_packets":	1397,					"packets":	1806,					"lost_percent":	77.353267,					"omitted":	false				}],			"sum":	{				"start":	2.001987,				"end":	3.000961,				"seconds":	0.998974,				"bytes":	26789500,				"bits_per_second":	214536095.830049,				"jitter_ms":	1.280790,				"lost_packets":	1397,				"packets":	1806,				"lost_percent":	77.353267,				"omitted":	false			}		}, {			"streams":	[{					"socket":	4,					"start":	3.000961,					"end":	4.004113,					"seconds":	1.003152,					"bytes":	25217500,					"bits_per_second":	201106134.857460,					"jitter_ms":	0.679951,					"lost_packets":	1434,					"packets":	1819,					"lost_percent":	78.834524,					"omitted":	false				}],			"sum":	{				"start":	3.000961,				"end":	4.004113,				"seconds":	1.003152,				"bytes":	25217500,				"bits_per_second":	201106134.857460,				"jitter_ms":	0.679951,				"lost_packets":	1434,				"packets":	1819,				"lost_percent":	78.834524,				"omitted":	false			}		}, {			"streams":	[{					"socket":	4,					"start":	4.004113,					"end":	5.010417,					"seconds":	1.006304,					"bytes":	3995500,					"bits_per_second":	31763760.439448,					"jitter_ms":	1.392233,					"lost_packets":	1702,					"packets":	1763,					"lost_percent":	96.539989,					"omitted":	false				}],			"sum":	{				"start":	4.004113,				"end":	5.010417,				"seconds":	1.006304,				"bytes":	3995500,				"bits_per_second":	31763760.439448,				"jitter_ms":	1.392233,				"lost_packets":	1702,				"packets":	1763,				"lost_percent":	96.539989,				"omitted":	false			}		}, {			"streams":	[{					"socket":	4,					"start":	5.010417,					"end":	6.015573,					"seconds":	1.005156,					"bytes":	327500,					"bits_per_second":	2606560.469458,					"jitter_ms":	2.828142,					"lost_packets":	1782,					"packets":	1787,					"lost_percent":	99.720201,					"omitted":	false				}],			"sum":	{				"start":	5.010417,				"end":	6.015573,				"seconds":	1.005156,				"bytes":	327500,				"bits_per_second":	2606560.469458,				"jitter_ms":	2.828142,				"lost_packets":	1782,				"packets":	1787,				"lost_percent":	99.720201,				"omitted":	false			}		}, {			"streams":	[{					"socket":	4,					"start":	6.015573,					"end":	7.013289,					"seconds":	0.997716,					"bytes":	65500,					"bits_per_second":	525199.582099,					"jitter_ms":	3.792261,					"lost_packets":	1240,					"packets":	1241,					"lost_percent":	99.919420,					"omitted":	false				}],			"sum":	{				"start":	6.015573,				"end":	7.013289,				"seconds":	0.997716,				"bytes":	65500,				"bits_per_second":	525199.582099,				"jitter_ms":	3.792261,				"lost_packets":	1240,				"packets":	1241,				"lost_percent":	99.919420,				"omitted":	false			}		}, {			"streams":	[{					"socket":	4,					"start":	7.013289,					"end":	8.015870,					"seconds":	1.002581,					"bytes":	0,					"bits_per_second":	0,					"jitter_ms":	3.792261,					"lost_packets":	0,					"packets":	0,					"lost_percent":	0,					"omitted":	false				}],			"sum":	{				"start":	7.013289,				"end":	8.015870,				"seconds":	1.002581,				"bytes":	0,				"bits_per_second":	0,				"jitter_ms":	3.792261,				"lost_packets":	0,				"packets":	0,				"lost_percent":	0,				"omitted":	false			}		}, {			"streams":	[{					"socket":	4,					"start":	8.015870,					"end":	9.000089,					"seconds":	0.984219,					"bytes":	0,					"bits_per_second":	0,					"jitter_ms":	3.792261,					"lost_packets":	0,					"packets":	0,					"lost_percent":	0,					"omitted":	false				}],			"sum":	{				"start":	8.015870,				"end":	9.000089,				"seconds":	0.984219,				"bytes":	0,				"bits_per_second":	0,				"jitter_ms":	3.792261,				"lost_packets":	0,				"packets":	0,				"lost_percent":	0,				"omitted":	false			}		}, {			"streams":	[{					"socket":	4,					"start":	9.000089,					"end":	10.006262,					"seconds":	1.006173,					"bytes":	0,					"bits_per_second":	0,					"jitter_ms":	3.792261,					"lost_packets":	0,					"packets":	0,					"lost_percent":	0,					"omitted":	false				}],			"sum":	{				"start":	9.000089,				"end":	10.006262,				"seconds":	1.006173,				"bytes":	0,				"bits_per_second":	0,				"jitter_ms":	3.792261,				"lost_packets":	0,				"packets":	0,				"lost_percent":	0,				"omitted":	false			}		}, {			"streams":	[{					"socket":	4,					"start":	10.006262,					"end":	11.010857,					"seconds":	1.004595,					"bytes":	0,					"bits_per_second":	0,					"jitter_ms":	3.792261,					"lost_packets":	0,					"packets":	0,					"lost_percent":	0,					"omitted":	false				}],			"sum":	{				"start":	10.006262,				"end":	11.010857,				"seconds":	1.004595,				"bytes":	0,				"bits_per_second":	0,				"jitter_ms":	3.792261,				"lost_packets":	0,				"packets":	0,				"lost_percent":	0,				"omitted":	false			}		}, {			"streams":	[{					"socket":	4,					"start":	11.010857,					"end":	12.003835,					"seconds":	0.992978,					"bytes":	0,					"bits_per_second":	0,					"jitter_ms":	3.792261,					"lost_packets":	0,					"packets":	0,					"lost_percent":	0,					"omitted":	false				}],			"sum":	{				"start":	11.010857,				"end":	12.003835,				"seconds":	0.992978,				"bytes":	0,				"bits_per_second":	0,				"jitter_ms":	3.792261,				"lost_packets":	0,				"packets":	0,				"lost_percent":	0,				"omitted":	false			}		}, {			"streams":	[{					"socket":	4,					"start":	12.003835,					"end":	13.011607,					"seconds":	1.007772,					"bytes":	0,					"bits_per_second":	0,					"jitter_ms":	3.792261,					"lost_packets":	0,					"packets":	0,					"lost_percent":	0,					"omitted":	false				}],			"sum":	{				"start":	12.003835,				"end":	13.011607,				"seconds":	1.007772,				"bytes":	0,				"bits_per_second":	0,				"jitter_ms":	3.792261,				"lost_packets":	0,				"packets":	0,				"lost_percent":	0,				"omitted":	false			}		}, {			"streams":	[{					"socket":	4,					"start":	13.011607,					"end":	14.013971,					"seconds":	1.002364,					"bytes":	0,					"bits_per_second":	0,					"jitter_ms":	3.792261,					"lost_packets":	0,					"packets":	0,					"lost_percent":	0,					"omitted":	false				}],			"sum":	{				"start":	13.011607,				"end":	14.013971,				"seconds":	1.002364,				"bytes":	0,				"bits_per_second":	0,