{	"start":	{		"connected":	[{				"socket":	5,				"local_host":	"10.90.90.1",				"local_port":	4008,				"remote_host":	"10.90.90.2",				"remote_port":	57339			}],		"version":	"iperf 3.9",		"system_info":	"Linux minarady-Latitude-E6430 5.15.0-27-generic #28-Ubuntu SMP Thu Apr 14 04:55:28 UTC 2022 x86_64",		"target_bitrate":	1800000000,		"timestamp":	{			"time":	"Tue, 19 Jul 2022 13:18:05 GMT",			"timesecs":	1658236685		},		"accepted_connection":	{			"host":	"10.90.90.2",			"port":	1037		},		"cookie":	"DESKTOP-1697F3F.1658236684.960384.6c",		"sock_bufsize":	0,		"sndbuf_actual":	2000000,		"rcvbuf_actual":	212992,		"test_start":	{			"protocol":	"UDP",			"num_streams":	1,			"blksize":	65500,			"omit":	0,			"duration":	30,			"bytes":	0,			"blocks":	0,			"reverse":	0,			"tos":	0		}	},	"intervals":	[{			"streams":	[{					"socket":	5,					"start":	0,					"end":	1.00011,					"seconds":	1.0001100301742554,					"bytes":	786000,					"bits_per_second":	6287308.2063824544,					"jitter_ms":	2.6064442541473007,					"lost_packets":	156,					"packets":	168,					"lost_percent":	92.857142857142861,					"omitted":	false,					"sender":	false				}],			"sum":	{				"start":	0,				"end":	1.00011,				"seconds":	1.0001100301742554,				"bytes":	786000,				"bits_per_second":	6287308.2063824544,				"jitter_ms":	2.6064442541473007,				"lost_packets":	156,				"packets":	168,				"lost_percent":	92.857142857142861,				"omitted":	false,				"sender":	false			}		}, {			"streams":	[{					"socket":	5,					"start":	1.00011,					"end":	2.000198,					"seconds":	1.0000879764556885,					"bytes":	12772500,					"bits_per_second":	102171011.35654674,					"jitter_ms":	3.56071821626053,					"lost_packets":	10,					"packets":	205,					"lost_percent":	4.8780487804878048,					"omitted":	false,					"sender":	false				}],			"sum":	{				"start":	1.00011,				"end":	2.000198,				"seconds":	1.0000879764556885,				"bytes":	12772500,				"bits_per_second":	102171011.35654674,				"jitter_ms":	3.56071821626053,				"lost_packets":	10,				"packets":	205,				"lost_percent":	4.8780487804878048,				"omitted":	false,				"sender":	false			}		}, {			"streams":	[{					"socket":	5,					"start":	2.000198,					"end":	3.000162,					"seconds":	0.99996399879455566,					"bytes":	393000,					"bits_per_second":	3144113.19186496,					"jitter_ms":	3.36674593777104,					"lost_packets":	271,					"packets":	277,					"lost_percent":	97.833935018050539,					"omitted":	false,					"sender":	false				}],			"sum":	{				"start":	2.000198,				"end":	3.000162,				"seconds":	0.99996399879455566,				"bytes":	393000,				"bits_per_second":	3144113.19186496,				"jitter_ms":	3.36674593777104,				"lost_packets":	271,				"packets":	277,				"lost_percent":	97.833935018050539,				"omitted":	false,				"sender":	false			}		}, {			"streams":	[{					"socket":	5,					"start":	3.000162,					"end":	4.000084,					"seconds":	0.999921977519989,					"bytes":	13886000,					"bits_per_second":	111096668.03756125,					"jitter_ms":	4.3383574583846514,					"lost_packets":	26,					"packets":	238,					"lost_percent":	10.92436974789916,					"omitted":	false,					"sender":	false				}],			"sum":	{				"start":	3.000162,				"end":	4.000084,				"seconds":	0.999921977519989,				"bytes":	13886000,				"bits_per_second":	111096668.03756125,				"jitter_ms":	4.3383574583846514,				"lost_packets":	26,				"packets":	238,				"lost_percent":	10.92436974789916,				"omitted":	false,				"sender":	false			}		}, {			"streams":	[{					"socket":	5,					"start":	4.000084,					"end":	5.000891,					"seconds":	1.0008070468902588,					"bytes":	1899500,					"bits_per_second":	15183746.005004182,					"jitter_ms":	5.81989582997409,					"lost_packets":	3,					"packets":	32,					"lost_percent":	9.375,					"omitted":	false,					"sender":	false				}],			"sum":	{				"start":	4.000084,				"end":	5.000891,				"seconds":	1.0008070468902588,				"bytes":	1899500,				"bits_per_second":	15183746.005004182,				"jitter_ms":	5.81989582997409,				"lost_packets":	3,				"packets":	32,				"lost_percent":	9.375,				"omitted":	false,				"sender":	false			}		}, {			"streams":	[{					"socket":	5,					"start":	5.000891,					"end":	6.001083,					"seconds":	1.0001920461654663,					"bytes":	0,					"bits_per_second":	0,					"jitter_ms":	5.81989582997409,					"lost_packets":	0,					"packets":	0,					"lost_percent":	0,					"omitted":	false,					"sender":	false				}],			"sum":	{				"start":	5.000891,				"end":	6.001083,				"seconds":	1.0001920461654663,				"bytes":	0,				"bits_per_second":	0,				"jitter_ms":	5.81989582997409,				"lost_packets":	0,				"packets":	0,				"lost_percent":	0,				"omitted":	false,				"sender":	false			}		}, {			"streams":	[{					"socket":	5,					"start":	6.001083,					"end":	7.000398,					"seconds":	0.99931502342224121,					"bytes":	0,					"bits_per_second":	0,					"jitter_ms":	5.81989582997409,					"lost_packets":	0,					"packets":	0,					"lost_percent":	0,					"omitted":	false,					"sender":	false				}],			"sum":	{				"start":	6.001083,				"end":	7.000398,				"seconds":	0.99931502342224121,				"bytes":	0,				"bits_per_second":	0,				"jitter_ms":	5.81989582997409,				"lost_packets":	0,				"packets":	0,				"lost_percent":	0,				"omitted":	false,				"sender":	false			}		}, {			"streams":	[{					"socket":	5,					"start":	7.000398,					"end":	8.000192,					"seconds":	0.99979400634765625,					"bytes":	0,					"bits_per_second":	0,					"jitter_ms":	5.81989582997409,					"lost_packets":	0,					"packets":	0,					"lost_percent":	0,					"omitted":	false,					"sender":	false				}],			"sum":	{				"start":	7.000398,				"end":	8.000192,				"seconds":	0.99979400634765625,				"bytes":	0,				"bits_per_second":	0,				"jitter_ms":	5.81989582997409,				"lost_packets":	0,				"packets":	0,				"lost_percent":	0,				"omitted":	false,				"sender":	false			}		}, {			"streams":	[{					"socket":	5,					"start":	8.000192,					"end":	9.001092,					"seconds":	1.0009000301361084,					"bytes":	0,					"bits_per_second":	0,					"jitter_ms":	5.81989582997409,					"lost_packets":	0,					"packets":	0,					"lost_percent":	0,					"omitted":	false,					"sender":	false				}],			"sum":	{				"start":	8.000192,				"end":	9.001092,				"seconds":	1.0009000301361084,				"bytes":	0,				"bits_per_second":	0,				"jitter_ms":	5.81989582997409,				"lost_packets":	0,				"packets":	0,				"lost_percent":	0,				"omitted":	false,				"sender":	false			}		}, {			"streams":	[{					"socket":	5,					"start":	9.001092,					"end":	10.000185,					"seconds":	0.999092996120453,					"bytes":	0,					"bits_per_second":	0,					"jitter_ms":	5.81989582997409,					"lost_packets":	0,					"packets":	0,					"lost_percent":	0,					"omitted":	false,					"sender":	false				}],			"sum":	{				"start":	9.001092,				"end":	10.000185,				"seconds":	0.999092996120453,				"bytes":	0,				"bits_per_second":	0,				"jitter_ms":	5.81989582997409,				"lost_packets":	0,				"packets":	0,				"lost_percent":	0,				"omitted":	false,				"sender":	false			}		}, {			"streams":	[{					"socket":	5,					"start":	10.000185,					"end":	11.001062,					"seconds":	1.0008770227432251,					"bytes":	0,					"bits_per_second":	0,					"jitter_ms":	5.81989582997409,					"lost_packets":	0,					"packets":	0,					"lost_percent":	0,					"omitted":	false,					"sender":	false				}],			"sum":	{				"start":	10.000185,				"end":	11.001062,				"seconds":	1.0008770227432251,				"bytes":	0,				"bits_per_second":	0,				"jitter_ms":	5.81989582997409,				"lost_packets":	0,				"packets":	0,				"lost_percent":	0,				"omitted":	false,				"sender":	false			}		}, {			"streams":	[{					"socket":	5,					"start":	11.001062,					"end":	12.001061,					"seconds":	0.99999898672103882,					"bytes":	0,					"bits_per_second":	0,					"jitter_ms":	5.81989582997409,					"lost_packets":	0,					"packets":	0,					"lost_percent":	0,					"omitted":	false,					"sender":	false				}],			"sum":	{				"start":	11.001062,				"end":	12.001061,				"seconds":	0.99999898672103882,				"bytes":	0,				"bits_per_second":	0,				"jitter_ms":	5.81989582997409,