{	"start":	{		"connected":	[{				"socket":	5,				"local_host":	"10.90.90.1",				"local_port":	4006,				"remote_host":	"10.90.90.2",				"remote_port":	56486			}],		"version":	"iperf 3.9",		"system_info":	"Linux minarady-Latitude-E6430 5.15.0-27-generic #28-Ubuntu SMP Thu Apr 14 04:55:28 UTC 2022 x86_64",		"target_bitrate":	1800000000,		"timestamp":	{			"time":	"Tue, 19 Jul 2022 14:04:15 GMT",			"timesecs":	1658239455		},		"accepted_connection":	{			"host":	"10.90.90.2",			"port":	1051		},		"cookie":	"DESKTOP-1697F3F.1658239454.973203.3a",		"sock_bufsize":	0,		"sndbuf_actual":	2000000,		"rcvbuf_actual":	212992,		"test_start":	{			"protocol":	"UDP",			"num_streams":	1,			"blksize":	65500,			"omit":	0,			"duration":	30,			"bytes":	0,			"blocks":	0,			"reverse":	0,			"tos":	0		}	},	"intervals":	[{			"streams":	[{					"socket":	5,					"start":	0,					"end":	1.001035,					"seconds":	1.00103497505188,					"bytes":	0,					"bits_per_second":	0,					"jitter_ms":	0,					"lost_packets":	0,					"packets":	0,					"lost_percent":	0,					"omitted":	false,					"sender":	false				}],			"sum":	{				"start":	0,				"end":	1.001035,				"seconds":	1.00103497505188,				"bytes":	0,				"bits_per_second":	0,				"jitter_ms":	0,				"lost_packets":	0,				"packets":	0,				"lost_percent":	0,				"omitted":	false,				"sender":	false			}		}, {			"streams":	[{					"socket":	5,					"start":	1.001035,					"end":	2.000095,					"seconds":	0.99905997514724731,					"bytes":	393000,					"bits_per_second":	3146958.2189363744,					"jitter_ms":	0.23405068941428908,					"lost_packets":	569,					"packets":	575,					"lost_percent":	98.956521739130437,					"omitted":	false,					"sender":	false				}],			"sum":	{				"start":	1.001035,				"end":	2.000095,				"seconds":	0.99905997514724731,				"bytes":	393000,				"bits_per_second":	3146958.2189363744,				"jitter_ms":	0.23405068941428908,				"lost_packets":	569,				"packets":	575,				"lost_percent":	98.956521739130437,				"omitted":	false,				"sender":	false			}		}, {			"streams":	[{					"socket":	5,					"start":	2.000095,					"end":	3.00106,					"seconds":	1.0009649991989136,					"bytes":	0,					"bits_per_second":	0,					"jitter_ms":	0.23405068941428908,					"lost_packets":	0,					"packets":	0,					"lost_percent":	0,					"omitted":	false,					"sender":	false				}],			"sum":	{				"start":	2.000095,				"end":	3.00106,				"seconds":	1.0009649991989136,				"bytes":	0,				"bits_per_second":	0,				"jitter_ms":	0.23405068941428908,				"lost_packets":	0,				"packets":	0,				"lost_percent":	0,				"omitted":	false,				"sender":	false			}		}, {			"streams":	[{					"socket":	5,					"start":	3.00106,					"end":	4.001062,					"seconds":	1.0000020265579224,					"bytes":	0,					"bits_per_second":	0,					"jitter_ms":	0.23405068941428908,					"lost_packets":	0,					"packets":	0,					"lost_percent":	0,					"omitted":	false,					"sender":	false				}],			"sum":	{				"start":	3.00106,				"end":	4.001062,				"seconds":	1.0000020265579224,				"bytes":	0,				"bits_per_second":	0,				"jitter_ms":	0.23405068941428908,				"lost_packets":	0,				"packets":	0,				"lost_percent":	0,				"omitted":	false,				"sender":	false			}		}, {			"streams":	[{					"socket":	5,					"start":	4.001062,					"end":	5.000572,					"seconds":	0.99950999021530151,					"bytes":	7139500,					"bits_per_second":	57144001.119685464,					"jitter_ms":	1.9688756485380514,					"lost_packets":	1068,					"packets":	1177,					"lost_percent":	90.7391673746814,					"omitted":	false,					"sender":	false				}],			"sum":	{				"start":	4.001062,				"end":	5.000572,				"seconds":	0.99950999021530151,				"bytes":	7139500,				"bits_per_second":	57144001.119685464,				"jitter_ms":	1.9688756485380514,				"lost_packets":	1068,				"packets":	1177,				"lost_percent":	90.7391673746814,				"omitted":	false,				"sender":	false			}		}, {			"streams":	[{					"socket":	5,					"start":	5.000572,					"end":	6.001056,					"seconds":	1.0004839897155762,					"bytes":	0,					"bits_per_second":	0,					"jitter_ms":	1.9688756485380514,					"lost_packets":	0,					"packets":	0,					"lost_percent":	0,					"omitted":	false,					"sender":	false				}],			"sum":	{				"start":	5.000572,				"end":	6.001056,				"seconds":	1.0004839897155762,				"bytes":	0,				"bits_per_second":	0,				"jitter_ms":	1.9688756485380514,				"lost_packets":	0,				"packets":	0,				"lost_percent":	0,				"omitted":	false,				"sender":	false			}		}, {			"streams":	[{					"socket":	5,					"start":	6.001056,					"end":	7.001058,					"seconds":	1.0000020265579224,					"bytes":	0,					"bits_per_second":	0,					"jitter_ms":	1.9688756485380514,					"lost_packets":	0,					"packets":	0,					"lost_percent":	0,					"omitted":	false,					"sender":	false				}],			"sum":	{				"start":	6.001056,				"end":	7.001058,				"seconds":	1.0000020265579224,				"bytes":	0,				"bits_per_second":	0,				"jitter_ms":	1.9688756485380514,				"lost_packets":	0,				"packets":	0,				"lost_percent":	0,				"omitted":	false,				"sender":	false			}		}, {			"streams":	[{					"socket":	5,					"start":	7.001058,					"end":	8.001048,					"seconds":	0.99998998641967773,					"bytes":	0,					"bits_per_second":	0,					"jitter_ms":	1.9688756485380514,					"lost_packets":	0,					"packets":	0,					"lost_percent":	0,					"omitted":	false,					"sender":	false				}],			"sum":	{				"start":	7.001058,				"end":	8.001048,				"seconds":	0.99998998641967773,				"bytes":	0,				"bits_per_second":	0,				"jitter_ms":	1.9688756485380514,				"lost_packets":	0,				"packets":	0,				"lost_percent":	0,				"omitted":	false,				"sender":	false			}		}, {			"streams":	[{					"socket":	5,					"start":	8.001048,					"end":	9.00106,					"seconds":	1.0000120401382446,					"bytes":	0,					"bits_per_second":	0,					"jitter_ms":	1.9688756485380514,					"lost_packets":	0,					"packets":	0,					"lost_percent":	0,					"omitted":	false,					"sender":	false				}],			"sum":	{				"start":	8.001048,				"end":	9.00106,				"seconds":	1.0000120401382446,				"bytes":	0,				"bits_per_second":	0,				"jitter_ms":	1.9688756485380514,				"lost_packets":	0,				"packets":	0,				"lost_percent":	0,				"omitted":	false,				"sender":	false			}		}, {			"streams":	[{					"socket":	5,					"start":	9.00106,					"end":	10.001059,					"seconds":	0.99999898672103882,					"bytes":	0,					"bits_per_second":	0,					"jitter_ms":	1.9688756485380514,					"lost_packets":	0,					"packets":	0,					"lost_percent":	0,					"omitted":	false,					"sender":	false				}],			"sum":	{				"start":	9.00106,				"end":	10.001059,				"seconds":	0.99999898672103882,				"bytes":	0,				"bits_per_second":	0,				"jitter_ms":	1.9688756485380514,				"lost_packets":	0,				"packets":	0,				"lost_percent":	0,				"omitted":	false,				"sender":	false			}		}, {			"streams":	[{					"socket":	5,					"start":	10.001059,					"end":	11.001058,					"seconds":	0.99999898672103882,					"bytes":	0,					"bits_per_second":	0,					"jitter_ms":	1.9688756485380514,					"lost_packets":	0,					"packets":	0,					"lost_percent":	0,					"omitted":	false,					"sender":	false				}],			"sum":	{				"start":	10.001059,				"end":	11.001058,				"seconds":	0.99999898672103882,				"bytes":	0,				"bits_per_second":	0,				"jitter_ms":	1.9688756485380514,				"lost_packets":	0,				"packets":	0,				"lost_percent":	0,				"omitted":	false,				"sender":	false			}		}, {			"streams":	[{					"socket":	5,					"start":	11.001058,					"end":	12.001057,					"seconds":	0.99999898672103882,					"bytes":	0,					"bits_per_second":	0,					"jitter_ms":	1.9688756485380514,					"lost_packets":	0,					"packets":	0,					"lost_percent":	0,					"omitted":	false,					"sender":	false				}],			"sum":	{				"start":	11.001058,				"end":	12.001057,				"seconds":	0.99999898672103882,				"bytes":	0,				"bits_per_second":	0,				"jitter_ms":	1.9688756485380514,				"lost_packets":	0,				"packets":	0,				"lost_percent":	0,				"omitted":	false,				"sender":	false			}		}, {			"streams":	[{					"socket":	5,					"start":	12.001057,					"end":	13.001057,					"seconds":	1,					"bytes":	0,