{	"start":	{		"connected":	[{				"socket":	5,				"local_host":	"10.90.90.1",				"local_port":	4005,				"remote_host":	"10.90.90.2",				"remote_port":	52767			}],		"version":	"iperf 3.9",		"system_info":	"Linux minarady-Latitude-E6430 5.15.0-27-generic #28-Ubuntu SMP Thu Apr 14 04:55:28 UTC 2022 x86_64",		"target_bitrate":	1800000000,		"timestamp":	{			"time":	"Tue, 19 Jul 2022 13:37:38 GMT",			"timesecs":	1658237858		},		"accepted_connection":	{			"host":	"10.90.90.2",			"port":	9698		},		"cookie":	"DESKTOP-1697F3F.1658237857.012513.2f",		"sock_bufsize":	0,		"sndbuf_actual":	2000000,		"rcvbuf_actual":	212992,		"test_start":	{			"protocol":	"UDP",			"num_streams":	1,			"blksize":	65500,			"omit":	0,			"duration":	30,			"bytes":	0,			"blocks":	0,			"reverse":	0,			"tos":	0		}	},	"intervals":	[{			"streams":	[{					"socket":	5,					"start":	0,					"end":	1.000837,					"seconds":	1.000836968421936,					"bytes":	7991000,					"bits_per_second":	63874539.02786795,					"jitter_ms":	0.598713112864556,					"lost_packets":	41,					"packets":	163,					"lost_percent":	25.153374233128833,					"omitted":	false,					"sender":	false				}],			"sum":	{				"start":	0,				"end":	1.000837,				"seconds":	1.000836968421936,				"bytes":	7991000,				"bits_per_second":	63874539.02786795,				"jitter_ms":	0.598713112864556,				"lost_packets":	41,				"packets":	163,				"lost_percent":	25.153374233128833,				"omitted":	false,				"sender":	false			}		}, {			"streams":	[{					"socket":	5,					"start":	1.000837,					"end":	2.00104,					"seconds":	1.000203013420105,					"bytes":	0,					"bits_per_second":	0,					"jitter_ms":	0.598713112864556,					"lost_packets":	0,					"packets":	0,					"lost_percent":	0,					"omitted":	false,					"sender":	false				}],			"sum":	{				"start":	1.000837,				"end":	2.00104,				"seconds":	1.000203013420105,				"bytes":	0,				"bits_per_second":	0,				"jitter_ms":	0.598713112864556,				"lost_packets":	0,				"packets":	0,				"lost_percent":	0,				"omitted":	false,				"sender":	false			}		}, {			"streams":	[{					"socket":	5,					"start":	2.00104,					"end":	3.00104,					"seconds":	1,					"bytes":	0,					"bits_per_second":	0,					"jitter_ms":	0.598713112864556,					"lost_packets":	0,					"packets":	0,					"lost_percent":	0,					"omitted":	false,					"sender":	false				}],			"sum":	{				"start":	2.00104,				"end":	3.00104,				"seconds":	1,				"bytes":	0,				"bits_per_second":	0,				"jitter_ms":	0.598713112864556,				"lost_packets":	0,				"packets":	0,				"lost_percent":	0,				"omitted":	false,				"sender":	false			}		}, {			"streams":	[{					"socket":	5,					"start":	3.00104,					"end":	4.001046,					"seconds":	1.0000059604644775,					"bytes":	0,					"bits_per_second":	0,					"jitter_ms":	0.598713112864556,					"lost_packets":	0,					"packets":	0,					"lost_percent":	0,					"omitted":	false,					"sender":	false				}],			"sum":	{				"start":	3.00104,				"end":	4.001046,				"seconds":	1.0000059604644775,				"bytes":	0,				"bits_per_second":	0,				"jitter_ms":	0.598713112864556,				"lost_packets":	0,				"packets":	0,				"lost_percent":	0,				"omitted":	false,				"sender":	false			}		}, {			"streams":	[{					"socket":	5,					"start":	4.001046,					"end":	5.001084,					"seconds":	1.0000380277633667,					"bytes":	0,					"bits_per_second":	0,					"jitter_ms":	0.598713112864556,					"lost_packets":	0,					"packets":	0,					"lost_percent":	0,					"omitted":	false,					"sender":	false				}],			"sum":	{				"start":	4.001046,				"end":	5.001084,				"seconds":	1.0000380277633667,				"bytes":	0,				"bits_per_second":	0,				"jitter_ms":	0.598713112864556,				"lost_packets":	0,				"packets":	0,				"lost_percent":	0,				"omitted":	false,				"sender":	false			}		}, {			"streams":	[{					"socket":	5,					"start":	5.001084,					"end":	6.001071,					"seconds":	0.999987006187439,					"bytes":	0,					"bits_per_second":	0,					"jitter_ms":	0.598713112864556,					"lost_packets":	0,					"packets":	0,					"lost_percent":	0,					"omitted":	false,					"sender":	false				}],			"sum":	{				"start":	5.001084,				"end":	6.001071,				"seconds":	0.999987006187439,				"bytes":	0,				"bits_per_second":	0,				"jitter_ms":	0.598713112864556,				"lost_packets":	0,				"packets":	0,				"lost_percent":	0,				"omitted":	false,				"sender":	false			}		}, {			"streams":	[{					"socket":	5,					"start":	6.001071,					"end":	7.001042,					"seconds":	0.99997097253799438,					"bytes":	0,					"bits_per_second":	0,					"jitter_ms":	0.598713112864556,					"lost_packets":	0,					"packets":	0,					"lost_percent":	0,					"omitted":	false,					"sender":	false				}],			"sum":	{				"start":	6.001071,				"end":	7.001042,				"seconds":	0.99997097253799438,				"bytes":	0,				"bits_per_second":	0,				"jitter_ms":	0.598713112864556,				"lost_packets":	0,				"packets":	0,				"lost_percent":	0,				"omitted":	false,				"sender":	false			}		}, {			"streams":	[{					"socket":	5,					"start":	7.001042,					"end":	8.001041,					"seconds":	0.99999898672103882,					"bytes":	0,					"bits_per_second":	0,					"jitter_ms":	0.598713112864556,					"lost_packets":	0,					"packets":	0,					"lost_percent":	0,					"omitted":	false,					"sender":	false				}],			"sum":	{				"start":	7.001042,				"end":	8.001041,				"seconds":	0.99999898672103882,				"bytes":	0,				"bits_per_second":	0,				"jitter_ms":	0.598713112864556,				"lost_packets":	0,				"packets":	0,				"lost_percent":	0,				"omitted":	false,				"sender":	false			}		}, {			"streams":	[{					"socket":	5,					"start":	8.001041,					"end":	9.001039,					"seconds":	0.99999797344207764,					"bytes":	0,					"bits_per_second":	0,					"jitter_ms":	0.598713112864556,					"lost_packets":	0,					"packets":	0,					"lost_percent":	0,					"omitted":	false,					"sender":	false				}],			"sum":	{				"start":	8.001041,				"end":	9.001039,				"seconds":	0.99999797344207764,				"bytes":	0,				"bits_per_second":	0,				"jitter_ms":	0.598713112864556,				"lost_packets":	0,				"packets":	0,				"lost_percent":	0,				"omitted":	false,				"sender":	false			}		}, {			"streams":	[{					"socket":	5,					"start":	9.001039,					"end":	10.001055,					"seconds":	1.0000159740448,					"bytes":	0,					"bits_per_second":	0,					"jitter_ms":	0.598713112864556,					"lost_packets":	0,					"packets":	0,					"lost_percent":	0,					"omitted":	false,					"sender":	false				}],			"sum":	{				"start":	9.001039,				"end":	10.001055,				"seconds":	1.0000159740448,				"bytes":	0,				"bits_per_second":	0,				"jitter_ms":	0.598713112864556,				"lost_packets":	0,				"packets":	0,				"lost_percent":	0,				"omitted":	false,				"sender":	false			}		}, {			"streams":	[{					"socket":	5,					"start":	10.001055,					"end":	11.001039,					"seconds":	0.9999840259552002,					"bytes":	0,					"bits_per_second":	0,					"jitter_ms":	0.598713112864556,					"lost_packets":	0,					"packets":	0,					"lost_percent":	0,					"omitted":	false,					"sender":	false				}],			"sum":	{				"start":	10.001055,				"end":	11.001039,				"seconds":	0.9999840259552002,				"bytes":	0,				"bits_per_second":	0,				"jitter_ms":	0.598713112864556,				"lost_packets":	0,				"packets":	0,				"lost_percent":	0,				"omitted":	false,				"sender":	false			}		}, {			"streams":	[{					"socket":	5,					"start":	11.001039,					"end":	12.00108,					"seconds":	1.0000410079956055,					"bytes":	0,					"bits_per_second":	0,					"jitter_ms":	0.598713112864556,					"lost_packets":	0,					"packets":	0,					"lost_percent":	0,					"omitted":	false,					"sender":	false				}],			"sum":	{				"start":	11.001039,				"end":	12.00108,				"seconds":	1.0000410079956055,				"bytes":	0,				"bits_per_second":	0,				"jitter_ms":	0.598713112864556,				"lost_packets":	0,				"packets":	0,				"lost_percent":	0,				"omitted":	false,				"sender":	false			}		}, {			"streams":	[{					"socket":	5,					"start":	12.00108,					"end":	13.001052,					"seconds":	0.99997198581695557,					"bytes":	0,					"bits_per_second":	0,					"jitter_ms":	0.598713112864556,					"lost_packets":	0,					"packets":	0,