{	"start":	{		"connected":	[{				"socket":	5,				"local_host":	"10.90.90.1",				"local_port":	4006,				"remote_host":	"10.90.90.2",				"remote_port":	57337			}],		"version":	"iperf 3.9",		"system_info":	"Linux minarady-Latitude-E6430 5.15.0-27-generic #28-Ubuntu SMP Thu Apr 14 04:55:28 UTC 2022 x86_64",		"target_bitrate":	1800000000,		"timestamp":	{			"time":	"Tue, 19 Jul 2022 13:17:34 GMT",			"timesecs":	1658236654		},		"accepted_connection":	{			"host":	"10.90.90.2",			"port":	1035		},		"cookie":	"DESKTOP-1697F3F.1658236653.871904.07",		"sock_bufsize":	0,		"sndbuf_actual":	2000000,		"rcvbuf_actual":	212992,		"test_start":	{			"protocol":	"UDP",			"num_streams":	1,			"blksize":	65500,			"omit":	0,			"duration":	30,			"bytes":	0,			"blocks":	0,			"reverse":	0,			"tos":	0		}	},	"intervals":	[{			"streams":	[{					"socket":	5,					"start":	0,					"end":	1.000088,					"seconds":	1.0000879764556885,					"bytes":	3930000,					"bits_per_second":	31437234.263552845,					"jitter_ms":	6.8502574091499353,					"lost_packets":	0,					"packets":	60,					"lost_percent":	0,					"omitted":	false,					"sender":	false				}],			"sum":	{				"start":	0,				"end":	1.000088,				"seconds":	1.0000879764556885,				"bytes":	3930000,				"bits_per_second":	31437234.263552845,				"jitter_ms":	6.8502574091499353,				"lost_packets":	0,				"packets":	60,				"lost_percent":	0,				"omitted":	false,				"sender":	false			}		}, {			"streams":	[{					"socket":	5,					"start":	1.000088,					"end":	2.000078,					"seconds":	0.99998998641967773,					"bytes":	7598000,					"bits_per_second":	60784608.6715613,					"jitter_ms":	13.534663522235421,					"lost_packets":	6,					"packets":	122,					"lost_percent":	4.918032786885246,					"omitted":	false,					"sender":	false				}],			"sum":	{				"start":	1.000088,				"end":	2.000078,				"seconds":	0.99998998641967773,				"bytes":	7598000,				"bits_per_second":	60784608.6715613,				"jitter_ms":	13.534663522235421,				"lost_packets":	6,				"packets":	122,				"lost_percent":	4.918032786885246,				"omitted":	false,				"sender":	false			}		}, {			"streams":	[{					"socket":	5,					"start":	2.000078,					"end":	3.000079,					"seconds":	1.0000009536743164,					"bytes":	9694000,					"bits_per_second":	77551926.040719941,					"jitter_ms":	5.9052021307299682,					"lost_packets":	36,					"packets":	184,					"lost_percent":	19.565217391304348,					"omitted":	false,					"sender":	false				}],			"sum":	{				"start":	2.000078,				"end":	3.000079,				"seconds":	1.0000009536743164,				"bytes":	9694000,				"bits_per_second":	77551926.040719941,				"jitter_ms":	5.9052021307299682,				"lost_packets":	36,				"packets":	184,				"lost_percent":	19.565217391304348,				"omitted":	false,				"sender":	false			}		}, {			"streams":	[{					"socket":	5,					"start":	3.000079,					"end":	4.000465,					"seconds":	1.0003859996795654,					"bytes":	0,					"bits_per_second":	0,					"jitter_ms":	5.9052021307299682,					"lost_packets":	0,					"packets":	0,					"lost_percent":	0,					"omitted":	false,					"sender":	false				}],			"sum":	{				"start":	3.000079,				"end":	4.000465,				"seconds":	1.0003859996795654,				"bytes":	0,				"bits_per_second":	0,				"jitter_ms":	5.9052021307299682,				"lost_packets":	0,				"packets":	0,				"lost_percent":	0,				"omitted":	false,				"sender":	false			}		}, {			"streams":	[{					"socket":	5,					"start":	4.000465,					"end":	5.00051,					"seconds":	1.0000449419021606,					"bytes":	0,					"bits_per_second":	0,					"jitter_ms":	5.9052021307299682,					"lost_packets":	0,					"packets":	0,					"lost_percent":	0,					"omitted":	false,					"sender":	false				}],			"sum":	{				"start":	4.000465,				"end":	5.00051,				"seconds":	1.0000449419021606,				"bytes":	0,				"bits_per_second":	0,				"jitter_ms":	5.9052021307299682,				"lost_packets":	0,				"packets":	0,				"lost_percent":	0,				"omitted":	false,				"sender":	false			}		}, {			"streams":	[{					"socket":	5,					"start":	5.00051,					"end":	6.000463,					"seconds":	0.99995297193527222,					"bytes":	0,					"bits_per_second":	0,					"jitter_ms":	5.9052021307299682,					"lost_packets":	0,					"packets":	0,					"lost_percent":	0,					"omitted":	false,					"sender":	false				}],			"sum":	{				"start":	5.00051,				"end":	6.000463,				"seconds":	0.99995297193527222,				"bytes":	0,				"bits_per_second":	0,				"jitter_ms":	5.9052021307299682,				"lost_packets":	0,				"packets":	0,				"lost_percent":	0,				"omitted":	false,				"sender":	false			}		}, {			"streams":	[{					"socket":	5,					"start":	6.000463,					"end":	7.000462,					"seconds":	0.99999898672103882,					"bytes":	0,					"bits_per_second":	0,					"jitter_ms":	5.9052021307299682,					"lost_packets":	0,					"packets":	0,					"lost_percent":	0,					"omitted":	false,					"sender":	false				}],			"sum":	{				"start":	6.000463,				"end":	7.000462,				"seconds":	0.99999898672103882,				"bytes":	0,				"bits_per_second":	0,				"jitter_ms":	5.9052021307299682,				"lost_packets":	0,				"packets":	0,				"lost_percent":	0,				"omitted":	false,				"sender":	false			}		}, {			"streams":	[{					"socket":	5,					"start":	7.000462,					"end":	8.000508,					"seconds":	1.0000460147857666,					"bytes":	0,					"bits_per_second":	0,					"jitter_ms":	5.9052021307299682,					"lost_packets":	0,					"packets":	0,					"lost_percent":	0,					"omitted":	false,					"sender":	false				}],			"sum":	{				"start":	7.000462,				"end":	8.000508,				"seconds":	1.0000460147857666,				"bytes":	0,				"bits_per_second":	0,				"jitter_ms":	5.9052021307299682,				"lost_packets":	0,				"packets":	0,				"lost_percent":	0,				"omitted":	false,				"sender":	false			}		}, {			"streams":	[{					"socket":	5,					"start":	8.000508,					"end":	9.001037,					"seconds":	1.0005290508270264,					"bytes":	0,					"bits_per_second":	0,					"jitter_ms":	5.9052021307299682,					"lost_packets":	0,					"packets":	0,					"lost_percent":	0,					"omitted":	false,					"sender":	false				}],			"sum":	{				"start":	8.000508,				"end":	9.001037,				"seconds":	1.0005290508270264,				"bytes":	0,				"bits_per_second":	0,				"jitter_ms":	5.9052021307299682,				"lost_packets":	0,				"packets":	0,				"lost_percent":	0,				"omitted":	false,				"sender":	false			}		}, {			"streams":	[{					"socket":	5,					"start":	9.001037,					"end":	10.0005,					"seconds":	0.99946302175521851,					"bytes":	0,					"bits_per_second":	0,					"jitter_ms":	5.9052021307299682,					"lost_packets":	0,					"packets":	0,					"lost_percent":	0,					"omitted":	false,					"sender":	false				}],			"sum":	{				"start":	9.001037,				"end":	10.0005,				"seconds":	0.99946302175521851,				"bytes":	0,				"bits_per_second":	0,				"jitter_ms":	5.9052021307299682,				"lost_packets":	0,				"packets":	0,				"lost_percent":	0,				"omitted":	false,				"sender":	false			}		}, {			"streams":	[{					"socket":	5,					"start":	10.0005,					"end":	11.00046,					"seconds":	0.99996000528335571,					"bytes":	0,					"bits_per_second":	0,					"jitter_ms":	5.9052021307299682,					"lost_packets":	0,					"packets":	0,					"lost_percent":	0,					"omitted":	false,					"sender":	false				}],			"sum":	{				"start":	10.0005,				"end":	11.00046,				"seconds":	0.99996000528335571,				"bytes":	0,				"bits_per_second":	0,				"jitter_ms":	5.9052021307299682,				"lost_packets":	0,				"packets":	0,				"lost_percent":	0,				"omitted":	false,				"sender":	false			}		}, {			"streams":	[{					"socket":	5,					"start":	11.00046,					"end":	12.000456,					"seconds":	0.9999960064888,					"bytes":	0,					"bits_per_second":	0,					"jitter_ms":	5.9052021307299682,					"lost_packets":	0,					"packets":	0,					"lost_percent":	0,					"omitted":	false,					"sender":	false				}],			"sum":	{				"start":	11.00046,				"end":	12.000456,				"seconds":	0.9999960064888,				"bytes":	0,				"bits_per_second":	0,				"jitter_ms":	5.9052021307299682,				"lost_packets":	0,				"packets":	0,				"lost_percent":	0,				"omitted":	false,				"sender":	false			}		}, {			"streams":	[{					"socket":	5,					"start":	12.000456,