{	"start":	{		"connected":	[{				"socket":	4,				"local_host":	"10.90.90.2",				"local_port":	57273,				"remote_host":	"10.90.90.1",				"remote_port":	4007			}],		"version":	"iperf 3.1.3",		"system_info":	"CYGWIN_NT-10.0 DESKTOP-1697F3F 2.5.1(0.297/5/3) 2016-04-21 22:14 x86_64",		"timestamp":	{			"time":	"Tue, 19 Jul 2022 13:38:08 GMT",			"timesecs":	1658237888		},		"connecting_to":	{			"host":	"10.90.90.1",			"port":	4007		},		"cookie":	"DESKTOP-1697F3F.1658237887.948649.31",		"test_start":	{			"protocol":	"UDP",			"num_streams":	1,			"blksize":	65500,			"omit":	0,			"duration":	30,			"bytes":	0,			"blocks":	0,			"reverse":	1		}	},	"intervals":	[{			"streams":	[{					"socket":	4,					"start":	0,					"end":	1.012147,					"seconds":	1.012147,					"bytes":	12379500,					"bits_per_second":	97847451.916635,					"jitter_ms":	557282.964034,					"lost_packets":	1695,					"packets":	1884,					"lost_percent":	89.968153,					"omitted":	false				}],			"sum":	{				"start":	0,				"end":	1.012147,				"seconds":	1.012147,				"bytes":	12379500,				"bits_per_second":	97847451.916635,				"jitter_ms":	557282.964034,				"lost_packets":	1695,				"packets":	1884,				"lost_percent":	89.968153,				"omitted":	false			}		}, {			"streams":	[{					"socket":	4,					"start":	1.012147,					"end":	2.001498,					"seconds":	0.989351,					"bytes":	14868500,					"bits_per_second":	120228307.135151,					"jitter_ms":	2.238963,					"lost_packets":	1913,					"packets":	2140,					"lost_percent":	89.392523,					"omitted":	false				}],			"sum":	{				"start":	1.012147,				"end":	2.001498,				"seconds":	0.989351,				"bytes":	14868500,				"bits_per_second":	120228307.135151,				"jitter_ms":	2.238963,				"lost_packets":	1913,				"packets":	2140,				"lost_percent":	89.392523,				"omitted":	false			}		}, {			"streams":	[{					"socket":	4,					"start":	2.001498,					"end":	3.007873,					"seconds":	1.006375,					"bytes":	16964500,					"bits_per_second":	134856281.176003,					"jitter_ms":	3.155735,					"lost_packets":	1383,					"packets":	1642,					"lost_percent":	84.226553,					"omitted":	false				}],			"sum":	{				"start":	2.001498,				"end":	3.007873,				"seconds":	1.006375,				"bytes":	16964500,				"bits_per_second":	134856281.176003,				"jitter_ms":	3.155735,				"lost_packets":	1383,				"packets":	1642,				"lost_percent":	84.226553,				"omitted":	false			}		}, {			"streams":	[{					"socket":	4,					"start":	3.007873,					"end":	4.000452,					"seconds":	0.992579,					"bytes":	12117500,					"bits_per_second":	97664771.902619,					"jitter_ms":	5.559787,					"lost_packets":	1439,					"packets":	1624,					"lost_percent":	88.608374,					"omitted":	false				}],			"sum":	{				"start":	3.007873,				"end":	4.000452,				"seconds":	0.992579,				"bytes":	12117500,				"bits_per_second":	97664771.902619,				"jitter_ms":	5.559787,				"lost_packets":	1439,				"packets":	1624,				"lost_percent":	88.608374,				"omitted":	false			}		}, {			"streams":	[{					"socket":	4,					"start":	4.000452,					"end":	5.001189,					"seconds":	1.000737,					"bytes":	13100000,					"bits_per_second":	104722824.323181,					"jitter_ms":	3.121403,					"lost_packets":	1899,					"packets":	2099,					"lost_percent":	90.471653,					"omitted":	false				}],			"sum":	{				"start":	4.000452,				"end":	5.001189,				"seconds":	1.000737,				"bytes":	13100000,				"bits_per_second":	104722824.323181,				"jitter_ms":	3.121403,				"lost_packets":	1899,				"packets":	2099,				"lost_percent":	90.471653,				"omitted":	false			}		}, {			"streams":	[{					"socket":	4,					"start":	5.001189,					"end":	6.005701,					"seconds":	1.004512,					"bytes":	7663500,					"bits_per_second":	61032616.463999,					"jitter_ms":	7.781182,					"lost_packets":	1435,					"packets":	1552,					"lost_percent":	92.461340,					"omitted":	false				}],			"sum":	{				"start":	5.001189,				"end":	6.005701,				"seconds":	1.004512,				"bytes":	7663500,				"bits_per_second":	61032616.463999,				"jitter_ms":	7.781182,				"lost_packets":	1435,				"packets":	1552,				"lost_percent":	92.461340,				"omitted":	false			}		}, {			"streams":	[{					"socket":	4,					"start":	6.005701,					"end":	7.011164,					"seconds":	1.005463,					"bytes":	982500,					"bits_per_second":	7817295.017069,					"jitter_ms":	15.925713,					"lost_packets":	1841,					"packets":	1856,					"lost_percent":	99.191810,					"omitted":	false				}],			"sum":	{				"start":	6.005701,				"end":	7.011164,				"seconds":	1.005463,				"bytes":	982500,				"bits_per_second":	7817295.017069,				"jitter_ms":	15.925713,				"lost_packets":	1841,				"packets":	1856,				"lost_percent":	99.191810,				"omitted":	false			}		}, {			"streams":	[{					"socket":	4,					"start":	7.011164,					"end":	8.013471,					"seconds":	1.002307,					"bytes":	0,					"bits_per_second":	0,					"jitter_ms":	15.925713,					"lost_packets":	0,					"packets":	0,					"lost_percent":	0,					"omitted":	false				}],			"sum":	{				"start":	7.011164,				"end":	8.013471,				"seconds":	1.002307,				"bytes":	0,				"bits_per_second":	0,				"jitter_ms":	15.925713,				"lost_packets":	0,				"packets":	0,				"lost_percent":	0,				"omitted":	false			}		}, {			"streams":	[{					"socket":	4,					"start":	8.013471,					"end":	9.013314,					"seconds":	0.999843,					"bytes":	65500,					"bits_per_second":	524082.217717,					"jitter_ms":	16.008723,					"lost_packets":	3721,					"packets":	3722,					"lost_percent":	99.973133,					"omitted":	false				}],			"sum":	{				"start":	8.013471,				"end":	9.013314,				"seconds":	0.999843,				"bytes":	65500,				"bits_per_second":	524082.217717,				"jitter_ms":	16.008723,				"lost_packets":	3721,				"packets":	3722,				"lost_percent":	99.973133,				"omitted":	false			}		}, {			"streams":	[{					"socket":	4,					"start":	9.013314,					"end":	10.044172,					"seconds":	1.030858,					"bytes":	0,					"bits_per_second":	0,					"jitter_ms":	16.008723,					"lost_packets":	0,					"packets":	0,					"lost_percent":	0,					"omitted":	false				}],			"sum":	{				"start":	9.013314,				"end":	10.044172,				"seconds":	1.030858,				"bytes":	0,				"bits_per_second":	0,				"jitter_ms":	16.008723,				"lost_packets":	0,				"packets":	0,				"lost_percent":	0,				"omitted":	false			}		}, {			"streams":	[{					"socket":	4,					"start":	10.044172,					"end":	11.007663,					"seconds":	0.963491,					"bytes":	0,					"bits_per_second":	0,					"jitter_ms":	16.008723,					"lost_packets":	0,					"packets":	0,					"lost_percent":	0,					"omitted":	false				}],			"sum":	{				"start":	10.044172,				"end":	11.007663,				"seconds":	0.963491,				"bytes":	0,				"bits_per_second":	0,				"jitter_ms":	16.008723,				"lost_packets":	0,				"packets":	0,				"lost_percent":	0,				"omitted":	false			}		}, {			"streams":	[{					"socket":	4,					"start":	11.007663,					"end":	12.011990,					"seconds":	1.004327,					"bytes":	0,					"bits_per_second":	0,					"jitter_ms":	16.008723,					"lost_packets":	0,					"packets":	0,					"lost_percent":	0,					"omitted":	false				}],			"sum":	{				"start":	11.007663,				"end":	12.011990,				"seconds":	1.004327,				"bytes":	0,				"bits_per_second":	0,				"jitter_ms":	16.008723,				"lost_packets":	0,				"packets":	0,				"lost_percent":	0,				"omitted":	false			}		}, {			"streams":	[{					"socket":	4,					"start":	12.011990,					"end":	13.016524,					"seconds":	1.004534,					"bytes":	0,					"bits_per_second":	0,					"jitter_ms":	16.008723,					"lost_packets":	0,					"packets":	0,					"lost_percent":	0,					"omitted":	false				}],			"sum":	{				"start":	12.011990,				"end":	13.016524,				"seconds":	1.004534,				"bytes":	0,				"bits_per_second":	0,				"jitter_ms":	16.008723,				"lost_packets":	0,				"packets":	0,				"lost_percent":	0,				"omitted":	false			}		}, {			"streams":	[{					"socket":	4,					"start":	13.016524,					"end":	14.009398,					"seconds":	0.992874,					"bytes":	0,					"bits_per_second":	0,					"jitter_ms":	16.008723,					"lost_packets":	0,					"packets":	0,					"lost_percent":	0,					"omitted":	false				}],			"sum":	{				"start":	13.016524,