{	"start":	{		"connected":	[{				"socket":	4,				"local_host":	"10.90.90.2",				"local_port":	55045,				"remote_host":	"10.90.90.1",				"remote_port":	4007			}],		"version":	"iperf 3.1.3",		"system_info":	"CYGWIN_NT-10.0 DESKTOP-1697F3F 2.5.1(0.297/5/3) 2016-04-21 22:14 x86_64",		"timestamp":	{			"time":	"Tue, 19 Jul 2022 16:11:29 GMT",			"timesecs":	1658247089		},		"connecting_to":	{			"host":	"10.90.90.1",			"port":	4007		},		"cookie":	"DESKTOP-1697F3F.1658247088.946307.53",		"test_start":	{			"protocol":	"UDP",			"num_streams":	1,			"blksize":	65500,			"omit":	0,			"duration":	30,			"bytes":	0,			"blocks":	0,			"reverse":	1		}	},	"intervals":	[{			"streams":	[{					"socket":	4,					"start":	0,					"end":	1.001556,					"seconds":	1.001556,					"bytes":	10152500,					"bits_per_second":	81093824.525153,					"jitter_ms":	5000898.079466,					"lost_packets":	1210,					"packets":	1365,					"lost_percent":	88.644689,					"omitted":	false				}],			"sum":	{				"start":	0,				"end":	1.001556,				"seconds":	1.001556,				"bytes":	10152500,				"bits_per_second":	81093824.525153,				"jitter_ms":	5000898.079466,				"lost_packets":	1210,				"packets":	1365,				"lost_percent":	88.644689,				"omitted":	false			}		}, {			"streams":	[{					"socket":	4,					"start":	1.001556,					"end":	2.003394,					"seconds":	1.001838,					"bytes":	20436000,					"bits_per_second":	163188065.422929,					"jitter_ms":	2.990876,					"lost_packets":	1569,					"packets":	1881,					"lost_percent":	83.413078,					"omitted":	false				}],			"sum":	{				"start":	1.001556,				"end":	2.003394,				"seconds":	1.001838,				"bytes":	20436000,				"bits_per_second":	163188065.422929,				"jitter_ms":	2.990876,				"lost_packets":	1569,				"packets":	1881,				"lost_percent":	83.413078,				"omitted":	false			}		}, {			"streams":	[{					"socket":	4,					"start":	2.003394,					"end":	3.004007,					"seconds":	1.000613,					"bytes":	21877000,					"bits_per_second":	174908785.432971,					"jitter_ms":	0.396527,					"lost_packets":	1568,					"packets":	1902,					"lost_percent":	82.439537,					"omitted":	false				}],			"sum":	{				"start":	2.003394,				"end":	3.004007,				"seconds":	1.000613,				"bytes":	21877000,				"bits_per_second":	174908785.432971,				"jitter_ms":	0.396527,				"lost_packets":	1568,				"packets":	1902,				"lost_percent":	82.439537,				"omitted":	false			}		}, {			"streams":	[{					"socket":	4,					"start":	3.004007,					"end":	4.001240,					"seconds":	0.997233,					"bytes":	27641000,					"bits_per_second":	221741578.022606,					"jitter_ms":	1.660544,					"lost_packets":	1162,					"packets":	1584,					"lost_percent":	73.358586,					"omitted":	false				}],			"sum":	{				"start":	3.004007,				"end":	4.001240,				"seconds":	0.997233,				"bytes":	27641000,				"bits_per_second":	221741578.022606,				"jitter_ms":	1.660544,				"lost_packets":	1162,				"packets":	1584,				"lost_percent":	73.358586,				"omitted":	false			}		}, {			"streams":	[{					"socket":	4,					"start":	4.001240,					"end":	5.001464,					"seconds":	1.000224,					"bytes":	13820500,					"bits_per_second":	110539226.670964,					"jitter_ms":	5.605347,					"lost_packets":	1694,					"packets":	1905,					"lost_percent":	88.923885,					"omitted":	false				}],			"sum":	{				"start":	4.001240,				"end":	5.001464,				"seconds":	1.000224,				"bytes":	13820500,				"bits_per_second":	110539226.670964,				"jitter_ms":	5.605347,				"lost_packets":	1694,				"packets":	1905,				"lost_percent":	88.923885,				"omitted":	false			}		}, {			"streams":	[{					"socket":	4,					"start":	5.001464,					"end":	6.013430,					"seconds":	1.011966,					"bytes":	6222500,					"bits_per_second":	49191376.477709,					"jitter_ms":	5.237015,					"lost_packets":	1704,					"packets":	1799,					"lost_percent":	94.719288,					"omitted":	false				}],			"sum":	{				"start":	5.001464,				"end":	6.013430,				"seconds":	1.011966,				"bytes":	6222500,				"bits_per_second":	49191376.477709,				"jitter_ms":	5.237015,				"lost_packets":	1704,				"packets":	1799,				"lost_percent":	94.719288,				"omitted":	false			}		}, {			"streams":	[{					"socket":	4,					"start":	6.013430,					"end":	7.012052,					"seconds":	0.998622,					"bytes":	458500,					"bits_per_second":	3673061.697152,					"jitter_ms":	14.706239,					"lost_packets":	1574,					"packets":	1581,					"lost_percent":	99.557242,					"omitted":	false				}],			"sum":	{				"start":	6.013430,				"end":	7.012052,				"seconds":	0.998622,				"bytes":	458500,				"bits_per_second":	3673061.697152,				"jitter_ms":	14.706239,				"lost_packets":	1574,				"packets":	1581,				"lost_percent":	99.557242,				"omitted":	false			}		}, {			"streams":	[{					"socket":	4,					"start":	7.012052,					"end":	8.012219,					"seconds":	1.000167,					"bytes":	131000,					"bits_per_second":	1047824.875537,					"jitter_ms":	22.427219,					"lost_packets":	1478,					"packets":	1480,					"lost_percent":	99.864865,					"omitted":	false				}],			"sum":	{				"start":	7.012052,				"end":	8.012219,				"seconds":	1.000167,				"bytes":	131000,				"bits_per_second":	1047824.875537,				"jitter_ms":	22.427219,				"lost_packets":	1478,				"packets":	1480,				"lost_percent":	99.864865,				"omitted":	false			}		}, {			"streams":	[{					"socket":	4,					"start":	8.012219,					"end":	9.013746,					"seconds":	1.001527,					"bytes":	0,					"bits_per_second":	0,					"jitter_ms":	22.427219,					"lost_packets":	0,					"packets":	0,					"lost_percent":	0,					"omitted":	false				}],			"sum":	{				"start":	8.012219,				"end":	9.013746,				"seconds":	1.001527,				"bytes":	0,				"bits_per_second":	0,				"jitter_ms":	22.427219,				"lost_packets":	0,				"packets":	0,				"lost_percent":	0,				"omitted":	false			}		}, {			"streams":	[{					"socket":	4,					"start":	9.013746,					"end":	10.009314,					"seconds":	0.995568,					"bytes":	65500,					"bits_per_second":	526332.686977,					"jitter_ms":	22.874201,					"lost_packets":	3513,					"packets":	3514,					"lost_percent":	99.971542,					"omitted":	false				}],			"sum":	{				"start":	9.013746,				"end":	10.009314,				"seconds":	0.995568,				"bytes":	65500,				"bits_per_second":	526332.686977,				"jitter_ms":	22.874201,				"lost_packets":	3513,				"packets":	3514,				"lost_percent":	99.971542,				"omitted":	false			}		}, {			"streams":	[{					"socket":	4,					"start":	10.009314,					"end":	11.015216,					"seconds":	1.005902,					"bytes":	0,					"bits_per_second":	0,					"jitter_ms":	22.874201,					"lost_packets":	0,					"packets":	0,					"lost_percent":	0,					"omitted":	false				}],			"sum":	{				"start":	10.009314,				"end":	11.015216,				"seconds":	1.005902,				"bytes":	0,				"bits_per_second":	0,				"jitter_ms":	22.874201,				"lost_packets":	0,				"packets":	0,				"lost_percent":	0,				"omitted":	false			}		}, {			"streams":	[{					"socket":	4,					"start":	11.015216,					"end":	12.012961,					"seconds":	0.997745,					"bytes":	0,					"bits_per_second":	0,					"jitter_ms":	22.874201,					"lost_packets":	0,					"packets":	0,					"lost_percent":	0,					"omitted":	false				}],			"sum":	{				"start":	11.015216,				"end":	12.012961,				"seconds":	0.997745,				"bytes":	0,				"bits_per_second":	0,				"jitter_ms":	22.874201,				"lost_packets":	0,				"packets":	0,				"lost_percent":	0,				"omitted":	false			}		}, {			"streams":	[{					"socket":	4,					"start":	12.012961,					"end":	13.013946,					"seconds":	1.000985,					"bytes":	0,					"bits_per_second":	0,					"jitter_ms":	22.874201,					"lost_packets":	0,					"packets":	0,					"lost_percent":	0,					"omitted":	false				}],			"sum":	{				"start":	12.012961,				"end":	13.013946,				"seconds":	1.000985,				"bytes":	0,				"bits_per_second":	0,				"jitter_ms":	22.874201,				"lost_packets":	0,				"packets":	0,				"lost_percent":	0,				"omitted":	false			}		}, {			"streams":	[{					"socket":	4,					"start":	13.013946,					"end":	14.011617,					"seconds":	0.997671,					"bytes":	0,					"bits_per_second":	0,					"jitter_ms":	22.874201,					"lost_packets":	0,					"packets":	0,					"lost_percent":	0,