{	"start":	{		"connected":	[{				"socket":	5,				"local_host":	"10.90.90.1",				"local_port":	4005,				"remote_host":	"10.90.90.2",				"remote_port":	55709			}],		"version":	"iperf 3.9",		"system_info":	"Linux minarady-Latitude-E6430 5.15.0-27-generic #28-Ubuntu SMP Thu Apr 14 04:55:28 UTC 2022 x86_64",		"target_bitrate":	1800000000,		"timestamp":	{			"time":	"Tue, 19 Jul 2022 16:03:48 GMT",			"timesecs":	1658246628		},		"accepted_connection":	{			"host":	"10.90.90.2",			"port":	1026		},		"cookie":	"DESKTOP-1697F3F.1658246628.185685.49",		"sock_bufsize":	0,		"sndbuf_actual":	2000000,		"rcvbuf_actual":	212992,		"test_start":	{			"protocol":	"UDP",			"num_streams":	1,			"blksize":	65500,			"omit":	0,			"duration":	30,			"bytes":	0,			"blocks":	0,			"reverse":	0,			"tos":	0		}	},	"intervals":	[{			"streams":	[{					"socket":	5,					"start":	0,					"end":	1.000243,					"seconds":	1.0002429485321045,					"bytes":	6550000,					"bits_per_second":	52387272.589023538,					"jitter_ms":	11.023373418839752,					"lost_packets":	2,					"packets":	102,					"lost_percent":	1.96078431372549,					"omitted":	false,					"sender":	false				}],			"sum":	{				"start":	0,				"end":	1.000243,				"seconds":	1.0002429485321045,				"bytes":	6550000,				"bits_per_second":	52387272.589023538,				"jitter_ms":	11.023373418839752,				"lost_packets":	2,				"packets":	102,				"lost_percent":	1.96078431372549,				"omitted":	false,				"sender":	false			}		}, {			"streams":	[{					"socket":	5,					"start":	1.000243,					"end":	2.000134,					"seconds":	0.99989098310470581,					"bytes":	3078500,					"bits_per_second":	24630685.1608252,					"jitter_ms":	27.868007070338059,					"lost_packets":	2,					"packets":	49,					"lost_percent":	4.0816326530612246,					"omitted":	false,					"sender":	false				}],			"sum":	{				"start":	1.000243,				"end":	2.000134,				"seconds":	0.99989098310470581,				"bytes":	3078500,				"bits_per_second":	24630685.1608252,				"jitter_ms":	27.868007070338059,				"lost_packets":	2,				"packets":	49,				"lost_percent":	4.0816326530612246,				"omitted":	false,				"sender":	false			}		}, {			"streams":	[{					"socket":	5,					"start":	2.000134,					"end":	3.000133,					"seconds":	0.99999898672103882,					"bytes":	15065000,					"bits_per_second":	120520122.12050414,					"jitter_ms":	9.9877061246784162,					"lost_packets":	0,					"packets":	230,					"lost_percent":	0,					"omitted":	false,					"sender":	false				}],			"sum":	{				"start":	2.000134,				"end":	3.000133,				"seconds":	0.99999898672103882,				"bytes":	15065000,				"bits_per_second":	120520122.12050414,				"jitter_ms":	9.9877061246784162,				"lost_packets":	0,				"packets":	230,				"lost_percent":	0,				"omitted":	false,				"sender":	false			}		}, {			"streams":	[{					"socket":	5,					"start":	3.000133,					"end":	4.000131,					"seconds":	0.99999797344207764,					"bytes":	16899000,					"bits_per_second":	135192273.97497386,					"jitter_ms":	2.31516540274187,					"lost_packets":	3,					"packets":	261,					"lost_percent":	1.1494252873563218,					"omitted":	false,					"sender":	false				}],			"sum":	{				"start":	3.000133,				"end":	4.000131,				"seconds":	0.99999797344207764,				"bytes":	16899000,				"bits_per_second":	135192273.97497386,				"jitter_ms":	2.31516540274187,				"lost_packets":	3,				"packets":	261,				"lost_percent":	1.1494252873563218,				"omitted":	false,				"sender":	false			}		}, {			"streams":	[{					"socket":	5,					"start":	4.000131,					"end":	5.000132,					"seconds":	1.0000009536743164,					"bytes":	13493000,					"bits_per_second":	107943897.05667776,					"jitter_ms":	15.758879517543317,					"lost_packets":	8,					"packets":	214,					"lost_percent":	3.7383177570093458,					"omitted":	false,					"sender":	false				}],			"sum":	{				"start":	4.000131,				"end":	5.000132,				"seconds":	1.0000009536743164,				"bytes":	13493000,				"bits_per_second":	107943897.05667776,				"jitter_ms":	15.758879517543317,				"lost_packets":	8,				"packets":	214,				"lost_percent":	3.7383177570093458,				"omitted":	false,				"sender":	false			}		}, {			"streams":	[{					"socket":	5,					"start":	5.000132,					"end":	6.000128,					"seconds":	0.9999960064888,					"bytes":	19650000,					"bits_per_second":	157200627.78246769,					"jitter_ms":	3.9385788730843312,					"lost_packets":	27,					"packets":	327,					"lost_percent":	8.2568807339449535,					"omitted":	false,					"sender":	false				}],			"sum":	{				"start":	5.000132,				"end":	6.000128,				"seconds":	0.9999960064888,				"bytes":	19650000,				"bits_per_second":	157200627.78246769,				"jitter_ms":	3.9385788730843312,				"lost_packets":	27,				"packets":	327,				"lost_percent":	8.2568807339449535,				"omitted":	false,				"sender":	false			}		}, {			"streams":	[{					"socket":	5,					"start":	6.000128,					"end":	7.001039,					"seconds":	1.0009109973907471,					"bytes":	196500,					"bits_per_second":	1570569.2155426529,					"jitter_ms":	6.3001045075777347,					"lost_packets":	0,					"packets":	3,					"lost_percent":	0,					"omitted":	false,					"sender":	false				}],			"sum":	{				"start":	6.000128,				"end":	7.001039,				"seconds":	1.0009109973907471,				"bytes":	196500,				"bits_per_second":	1570569.2155426529,				"jitter_ms":	6.3001045075777347,				"lost_packets":	0,				"packets":	3,				"lost_percent":	0,				"omitted":	false,				"sender":	false			}		}, {			"streams":	[{					"socket":	5,					"start":	7.001039,					"end":	8.001081,					"seconds":	1.0000419616699219,					"bytes":	0,					"bits_per_second":	0,					"jitter_ms":	6.3001045075777347,					"lost_packets":	0,					"packets":	0,					"lost_percent":	0,					"omitted":	false,					"sender":	false				}],			"sum":	{				"start":	7.001039,				"end":	8.001081,				"seconds":	1.0000419616699219,				"bytes":	0,				"bits_per_second":	0,				"jitter_ms":	6.3001045075777347,				"lost_packets":	0,				"packets":	0,				"lost_percent":	0,				"omitted":	false,				"sender":	false			}		}, {			"streams":	[{					"socket":	5,					"start":	8.001081,					"end":	9.001096,					"seconds":	1.0000150203704834,					"bytes":	0,					"bits_per_second":	0,					"jitter_ms":	6.3001045075777347,					"lost_packets":	0,					"packets":	0,					"lost_percent":	0,					"omitted":	false,					"sender":	false				}],			"sum":	{				"start":	8.001081,				"end":	9.001096,				"seconds":	1.0000150203704834,				"bytes":	0,				"bits_per_second":	0,				"jitter_ms":	6.3001045075777347,				"lost_packets":	0,				"packets":	0,				"lost_percent":	0,				"omitted":	false,				"sender":	false			}		}, {			"streams":	[{					"socket":	5,					"start":	9.001096,					"end":	10.001057,					"seconds":	0.999961018562317,					"bytes":	0,					"bits_per_second":	0,					"jitter_ms":	6.3001045075777347,					"lost_packets":	0,					"packets":	0,					"lost_percent":	0,					"omitted":	false,					"sender":	false				}],			"sum":	{				"start":	9.001096,				"end":	10.001057,				"seconds":	0.999961018562317,				"bytes":	0,				"bits_per_second":	0,				"jitter_ms":	6.3001045075777347,				"lost_packets":	0,				"packets":	0,				"lost_percent":	0,				"omitted":	false,				"sender":	false			}		}, {			"streams":	[{					"socket":	5,					"start":	10.001057,					"end":	11.001061,					"seconds":	1.0000040531158447,					"bytes":	0,					"bits_per_second":	0,					"jitter_ms":	6.3001045075777347,					"lost_packets":	0,					"packets":	0,					"lost_percent":	0,					"omitted":	false,					"sender":	false				}],			"sum":	{				"start":	10.001057,				"end":	11.001061,				"seconds":	1.0000040531158447,				"bytes":	0,				"bits_per_second":	0,				"jitter_ms":	6.3001045075777347,				"lost_packets":	0,				"packets":	0,				"lost_percent":	0,				"omitted":	false,				"sender":	false			}		}, {			"streams":	[{					"socket":	5,					"start":	11.001061,					"end":	12.001052,					"seconds":	0.999990999698639,					"bytes":	0,					"bits_per_second":	0,					"jitter_ms":	6.3001045075777347,					"lost_packets":	0,					"packets":	0,					"lost_percent":	0,					"omitted":	false,					"sender":	false				}],			"sum":	{				"start":	11.001061,