{	"start":	{		"connected":	[{				"socket":	5,				"local_host":	"10.90.90.1",				"local_port":	4006,				"remote_host":	"10.90.90.2",				"remote_port":	55046			}],		"version":	"iperf 3.9",		"system_info":	"Linux minarady-Latitude-E6430 5.15.0-27-generic #28-Ubuntu SMP Thu Apr 14 04:55:28 UTC 2022 x86_64",		"target_bitrate":	1800000000,		"timestamp":	{			"time":	"Tue, 19 Jul 2022 16:11:28 GMT",			"timesecs":	1658247088		},		"accepted_connection":	{			"host":	"10.90.90.2",			"port":	22597		},		"cookie":	"DESKTOP-1697F3F.1658247088.916859.40",		"sock_bufsize":	0,		"sndbuf_actual":	2000000,		"rcvbuf_actual":	212992,		"test_start":	{			"protocol":	"UDP",			"num_streams":	1,			"blksize":	65500,			"omit":	0,			"duration":	30,			"bytes":	0,			"blocks":	0,			"reverse":	0,			"tos":	0		}	},	"intervals":	[{			"streams":	[{					"socket":	5,					"start":	0,					"end":	1.00013,					"seconds":	1.0001300573349,					"bytes":	393000,					"bits_per_second":	3143591.1529126372,					"jitter_ms":	0.433782786330994,					"lost_packets":	27,					"packets":	33,					"lost_percent":	81.8181818181818,					"omitted":	false,					"sender":	false				}],			"sum":	{				"start":	0,				"end":	1.00013,				"seconds":	1.0001300573349,				"bytes":	393000,				"bits_per_second":	3143591.1529126372,				"jitter_ms":	0.433782786330994,				"lost_packets":	27,				"packets":	33,				"lost_percent":	81.8181818181818,				"omitted":	false,				"sender":	false			}		}, {			"streams":	[{					"socket":	5,					"start":	1.00013,					"end":	2.001062,					"seconds":	1.000931978225708,					"bytes":	0,					"bits_per_second":	0,					"jitter_ms":	0.433782786330994,					"lost_packets":	0,					"packets":	0,					"lost_percent":	0,					"omitted":	false,					"sender":	false				}],			"sum":	{				"start":	1.00013,				"end":	2.001062,				"seconds":	1.000931978225708,				"bytes":	0,				"bits_per_second":	0,				"jitter_ms":	0.433782786330994,				"lost_packets":	0,				"packets":	0,				"lost_percent":	0,				"omitted":	false,				"sender":	false			}		}, {			"streams":	[{					"socket":	5,					"start":	2.001062,					"end":	3.001052,					"seconds":	0.99998998641967773,					"bytes":	0,					"bits_per_second":	0,					"jitter_ms":	0.433782786330994,					"lost_packets":	0,					"packets":	0,					"lost_percent":	0,					"omitted":	false,					"sender":	false				}],			"sum":	{				"start":	2.001062,				"end":	3.001052,				"seconds":	0.99998998641967773,				"bytes":	0,				"bits_per_second":	0,				"jitter_ms":	0.433782786330994,				"lost_packets":	0,				"packets":	0,				"lost_percent":	0,				"omitted":	false,				"sender":	false			}		}, {			"streams":	[{					"socket":	5,					"start":	3.001052,					"end":	4.000107,					"seconds":	0.999055027961731,					"bytes":	0,					"bits_per_second":	0,					"jitter_ms":	0.433782786330994,					"lost_packets":	0,					"packets":	0,					"lost_percent":	0,					"omitted":	false,					"sender":	false				}],			"sum":	{				"start":	3.001052,				"end":	4.000107,				"seconds":	0.999055027961731,				"bytes":	0,				"bits_per_second":	0,				"jitter_ms":	0.433782786330994,				"lost_packets":	0,				"packets":	0,				"lost_percent":	0,				"omitted":	false,				"sender":	false			}		}, {			"streams":	[{					"socket":	5,					"start":	4.000107,					"end":	5.001058,					"seconds":	1.0009510517120361,					"bytes":	0,					"bits_per_second":	0,					"jitter_ms":	0.433782786330994,					"lost_packets":	0,					"packets":	0,					"lost_percent":	0,					"omitted":	false,					"sender":	false				}],			"sum":	{				"start":	4.000107,				"end":	5.001058,				"seconds":	1.0009510517120361,				"bytes":	0,				"bits_per_second":	0,				"jitter_ms":	0.433782786330994,				"lost_packets":	0,				"packets":	0,				"lost_percent":	0,				"omitted":	false,				"sender":	false			}		}, {			"streams":	[{					"socket":	5,					"start":	5.001058,					"end":	6.001043,					"seconds":	0.9999849796295166,					"bytes":	0,					"bits_per_second":	0,					"jitter_ms":	0.433782786330994,					"lost_packets":	0,					"packets":	0,					"lost_percent":	0,					"omitted":	false,					"sender":	false				}],			"sum":	{				"start":	5.001058,				"end":	6.001043,				"seconds":	0.9999849796295166,				"bytes":	0,				"bits_per_second":	0,				"jitter_ms":	0.433782786330994,				"lost_packets":	0,				"packets":	0,				"lost_percent":	0,				"omitted":	false,				"sender":	false			}		}, {			"streams":	[{					"socket":	5,					"start":	6.001043,					"end":	7.001043,					"seconds":	1,					"bytes":	0,					"bits_per_second":	0,					"jitter_ms":	0.433782786330994,					"lost_packets":	0,					"packets":	0,					"lost_percent":	0,					"omitted":	false,					"sender":	false				}],			"sum":	{				"start":	6.001043,				"end":	7.001043,				"seconds":	1,				"bytes":	0,				"bits_per_second":	0,				"jitter_ms":	0.433782786330994,				"lost_packets":	0,				"packets":	0,				"lost_percent":	0,				"omitted":	false,				"sender":	false			}		}, {			"streams":	[{					"socket":	5,					"start":	7.001043,					"end":	8.001042,					"seconds":	0.99999898672103882,					"bytes":	0,					"bits_per_second":	0,					"jitter_ms":	0.433782786330994,					"lost_packets":	0,					"packets":	0,					"lost_percent":	0,					"omitted":	false,					"sender":	false				}],			"sum":	{				"start":	7.001043,				"end":	8.001042,				"seconds":	0.99999898672103882,				"bytes":	0,				"bits_per_second":	0,				"jitter_ms":	0.433782786330994,				"lost_packets":	0,				"packets":	0,				"lost_percent":	0,				"omitted":	false,				"sender":	false			}		}, {			"streams":	[{					"socket":	5,					"start":	8.001042,					"end":	9.001045,					"seconds":	1.0000029802322388,					"bytes":	0,					"bits_per_second":	0,					"jitter_ms":	0.433782786330994,					"lost_packets":	0,					"packets":	0,					"lost_percent":	0,					"omitted":	false,					"sender":	false				}],			"sum":	{				"start":	8.001042,				"end":	9.001045,				"seconds":	1.0000029802322388,				"bytes":	0,				"bits_per_second":	0,				"jitter_ms":	0.433782786330994,				"lost_packets":	0,				"packets":	0,				"lost_percent":	0,				"omitted":	false,				"sender":	false			}		}, {			"streams":	[{					"socket":	5,					"start":	9.001045,					"end":	10.001042,					"seconds":	0.99999701976776123,					"bytes":	0,					"bits_per_second":	0,					"jitter_ms":	0.433782786330994,					"lost_packets":	0,					"packets":	0,					"lost_percent":	0,					"omitted":	false,					"sender":	false				}],			"sum":	{				"start":	9.001045,				"end":	10.001042,				"seconds":	0.99999701976776123,				"bytes":	0,				"bits_per_second":	0,				"jitter_ms":	0.433782786330994,				"lost_packets":	0,				"packets":	0,				"lost_percent":	0,				"omitted":	false,				"sender":	false			}		}, {			"streams":	[{					"socket":	5,					"start":	10.001042,					"end":	11.001044,					"seconds":	1.0000020265579224,					"bytes":	0,					"bits_per_second":	0,					"jitter_ms":	0.433782786330994,					"lost_packets":	0,					"packets":	0,					"lost_percent":	0,					"omitted":	false,					"sender":	false				}],			"sum":	{				"start":	10.001042,				"end":	11.001044,				"seconds":	1.0000020265579224,				"bytes":	0,				"bits_per_second":	0,				"jitter_ms":	0.433782786330994,				"lost_packets":	0,				"packets":	0,				"lost_percent":	0,				"omitted":	false,				"sender":	false			}		}, {			"streams":	[{					"socket":	5,					"start":	11.001044,					"end":	12.001051,					"seconds":	1.0000070333480835,					"bytes":	0,					"bits_per_second":	0,					"jitter_ms":	0.433782786330994,					"lost_packets":	0,					"packets":	0,					"lost_percent":	0,					"omitted":	false,					"sender":	false				}],			"sum":	{				"start":	11.001044,				"end":	12.001051,				"seconds":	1.0000070333480835,				"bytes":	0,				"bits_per_second":	0,				"jitter_ms":	0.433782786330994,				"lost_packets":	0,				"packets":	0,				"lost_percent":	0,				"omitted":	false,				"sender":	false			}		}, {			"streams":	[{					"socket":	5,					"start":	12.001051,					"end":	13.001038,					"seconds":	0.999987006187439,					"bytes":	0,					"bits_per_second":	0,					"jitter_ms":	0.433782786330994,					"lost_packets":	0,					"packets":	0,