{	"start":	{		"connected":	[{				"socket":	5,				"local_host":	"10.90.90.1",				"local_port":	4006,				"remote_host":	"10.90.90.2",				"remote_port":	54132			}],		"version":	"iperf 3.9",		"system_info":	"Linux minarady-Latitude-E6430 5.15.0-27-generic #28-Ubuntu SMP Thu Apr 14 04:55:28 UTC 2022 x86_64",		"target_bitrate":	1800000000,		"timestamp":	{			"time":	"Tue, 19 Jul 2022 17:23:08 GMT",			"timesecs":	1658251388		},		"accepted_connection":	{			"host":	"10.90.90.2",			"port":	1027		},		"cookie":	"DESKTOP-1697F3F.1658251388.079597.54",		"sock_bufsize":	0,		"sndbuf_actual":	2000000,		"rcvbuf_actual":	212992,		"test_start":	{			"protocol":	"UDP",			"num_streams":	1,			"blksize":	65500,			"omit":	0,			"duration":	30,			"bytes":	0,			"blocks":	0,			"reverse":	0,			"tos":	0		}	},	"intervals":	[{			"streams":	[{					"socket":	5,					"start":	0,					"end":	1.000459,					"seconds":	1.0004589557647705,					"bytes":	1965000,					"bits_per_second":	15712788.525125774,					"jitter_ms":	3.3354027569783469,					"lost_packets":	45,					"packets":	75,					"lost_percent":	60,					"omitted":	false,					"sender":	false				}],			"sum":	{				"start":	0,				"end":	1.000459,				"seconds":	1.0004589557647705,				"bytes":	1965000,				"bits_per_second":	15712788.525125774,				"jitter_ms":	3.3354027569783469,				"lost_packets":	45,				"packets":	75,				"lost_percent":	60,				"omitted":	false,				"sender":	false			}		}, {			"streams":	[{					"socket":	5,					"start":	1.000459,					"end":	2.000439,					"seconds":	0.99997997283935547,					"bytes":	0,					"bits_per_second":	0,					"jitter_ms":	3.3354027569783469,					"lost_packets":	0,					"packets":	0,					"lost_percent":	0,					"omitted":	false,					"sender":	false				}],			"sum":	{				"start":	1.000459,				"end":	2.000439,				"seconds":	0.99997997283935547,				"bytes":	0,				"bits_per_second":	0,				"jitter_ms":	3.3354027569783469,				"lost_packets":	0,				"packets":	0,				"lost_percent":	0,				"omitted":	false,				"sender":	false			}		}, {			"streams":	[{					"socket":	5,					"start":	2.000439,					"end":	3.00046,					"seconds":	1.0000209808349609,					"bytes":	0,					"bits_per_second":	0,					"jitter_ms":	3.3354027569783469,					"lost_packets":	0,					"packets":	0,					"lost_percent":	0,					"omitted":	false,					"sender":	false				}],			"sum":	{				"start":	2.000439,				"end":	3.00046,				"seconds":	1.0000209808349609,				"bytes":	0,				"bits_per_second":	0,				"jitter_ms":	3.3354027569783469,				"lost_packets":	0,				"packets":	0,				"lost_percent":	0,				"omitted":	false,				"sender":	false			}		}, {			"streams":	[{					"socket":	5,					"start":	3.00046,					"end":	4.000432,					"seconds":	0.99997198581695557,					"bytes":	0,					"bits_per_second":	0,					"jitter_ms":	3.3354027569783469,					"lost_packets":	0,					"packets":	0,					"lost_percent":	0,					"omitted":	false,					"sender":	false				}],			"sum":	{				"start":	3.00046,				"end":	4.000432,				"seconds":	0.99997198581695557,				"bytes":	0,				"bits_per_second":	0,				"jitter_ms":	3.3354027569783469,				"lost_packets":	0,				"packets":	0,				"lost_percent":	0,				"omitted":	false,				"sender":	false			}		}, {			"streams":	[{					"socket":	5,					"start":	4.000432,					"end":	5.000432,					"seconds":	1,					"bytes":	0,					"bits_per_second":	0,					"jitter_ms":	3.3354027569783469,					"lost_packets":	0,					"packets":	0,					"lost_percent":	0,					"omitted":	false,					"sender":	false				}],			"sum":	{				"start":	4.000432,				"end":	5.000432,				"seconds":	1,				"bytes":	0,				"bits_per_second":	0,				"jitter_ms":	3.3354027569783469,				"lost_packets":	0,				"packets":	0,				"lost_percent":	0,				"omitted":	false,				"sender":	false			}		}, {			"streams":	[{					"socket":	5,					"start":	5.000432,					"end":	6.000432,					"seconds":	1,					"bytes":	0,					"bits_per_second":	0,					"jitter_ms":	3.3354027569783469,					"lost_packets":	0,					"packets":	0,					"lost_percent":	0,					"omitted":	false,					"sender":	false				}],			"sum":	{				"start":	5.000432,				"end":	6.000432,				"seconds":	1,				"bytes":	0,				"bits_per_second":	0,				"jitter_ms":	3.3354027569783469,				"lost_packets":	0,				"packets":	0,				"lost_percent":	0,				"omitted":	false,				"sender":	false			}		}, {			"streams":	[{					"socket":	5,					"start":	6.000432,					"end":	7.000437,					"seconds":	1.0000050067901611,					"bytes":	0,					"bits_per_second":	0,					"jitter_ms":	3.3354027569783469,					"lost_packets":	0,					"packets":	0,					"lost_percent":	0,					"omitted":	false,					"sender":	false				}],			"sum":	{				"start":	6.000432,				"end":	7.000437,				"seconds":	1.0000050067901611,				"bytes":	0,				"bits_per_second":	0,				"jitter_ms":	3.3354027569783469,				"lost_packets":	0,				"packets":	0,				"lost_percent":	0,				"omitted":	false,				"sender":	false			}		}, {			"streams":	[{					"socket":	5,					"start":	7.000437,					"end":	8.001052,					"seconds":	1.0006150007247925,					"bytes":	0,					"bits_per_second":	0,					"jitter_ms":	3.3354027569783469,					"lost_packets":	0,					"packets":	0,					"lost_percent":	0,					"omitted":	false,					"sender":	false				}],			"sum":	{				"start":	7.000437,				"end":	8.001052,				"seconds":	1.0006150007247925,				"bytes":	0,				"bits_per_second":	0,				"jitter_ms":	3.3354027569783469,				"lost_packets":	0,				"packets":	0,				"lost_percent":	0,				"omitted":	false,				"sender":	false			}		}, {			"streams":	[{					"socket":	5,					"start":	8.001052,					"end":	9.001056,					"seconds":	1.0000040531158447,					"bytes":	0,					"bits_per_second":	0,					"jitter_ms":	3.3354027569783469,					"lost_packets":	0,					"packets":	0,					"lost_percent":	0,					"omitted":	false,					"sender":	false				}],			"sum":	{				"start":	8.001052,				"end":	9.001056,				"seconds":	1.0000040531158447,				"bytes":	0,				"bits_per_second":	0,				"jitter_ms":	3.3354027569783469,				"lost_packets":	0,				"packets":	0,				"lost_percent":	0,				"omitted":	false,				"sender":	false			}		}, {			"streams":	[{					"socket":	5,					"start":	9.001056,					"end":	10.001055,					"seconds":	0.99999898672103882,					"bytes":	0,					"bits_per_second":	0,					"jitter_ms":	3.3354027569783469,					"lost_packets":	0,					"packets":	0,					"lost_percent":	0,					"omitted":	false,					"sender":	false				}],			"sum":	{				"start":	9.001056,				"end":	10.001055,				"seconds":	0.99999898672103882,				"bytes":	0,				"bits_per_second":	0,				"jitter_ms":	3.3354027569783469,				"lost_packets":	0,				"packets":	0,				"lost_percent":	0,				"omitted":	false,				"sender":	false			}		}, {			"streams":	[{					"socket":	5,					"start":	10.001055,					"end":	11.000438,					"seconds":	0.999382972717285,					"bytes":	0,					"bits_per_second":	0,					"jitter_ms":	3.3354027569783469,					"lost_packets":	0,					"packets":	0,					"lost_percent":	0,					"omitted":	false,					"sender":	false				}],			"sum":	{				"start":	10.001055,				"end":	11.000438,				"seconds":	0.999382972717285,				"bytes":	0,				"bits_per_second":	0,				"jitter_ms":	3.3354027569783469,				"lost_packets":	0,				"packets":	0,				"lost_percent":	0,				"omitted":	false,				"sender":	false			}		}, {			"streams":	[{					"socket":	5,					"start":	11.000438,					"end":	12.001038,					"seconds":	1.0005999803543091,					"bytes":	0,					"bits_per_second":	0,					"jitter_ms":	3.3354027569783469,					"lost_packets":	0,					"packets":	0,					"lost_percent":	0,					"omitted":	false,					"sender":	false				}],			"sum":	{				"start":	11.000438,				"end":	12.001038,				"seconds":	1.0005999803543091,				"bytes":	0,				"bits_per_second":	0,				"jitter_ms":	3.3354027569783469,				"lost_packets":	0,				"packets":	0,				"lost_percent":	0,				"omitted":	false,				"sender":	false			}		}, {			"streams":	[{					"socket":	5,					"start":	12.001038,					"end":	13.001044,					"seconds":	1.0000059604644775,					"bytes":	0,					"bits_per_second":	0,					"jitter_ms":	3.3354027569783469,					"lost_packets":	0,					"packets":	0,					"lost_percent":	0,					"omitted":	false,