{	"start":	{		"connected":	[{				"socket":	4,				"local_host":	"10.90.90.2",				"local_port":	54131,				"remote_host":	"10.90.90.1",				"remote_port":	4007			}],		"version":	"iperf 3.1.3",		"system_info":	"CYGWIN_NT-10.0 DESKTOP-1697F3F 2.5.1(0.297/5/3) 2016-04-21 22:14 x86_64",		"timestamp":	{			"time":	"Tue, 19 Jul 2022 17:23:08 GMT",			"timesecs":	1658251388		},		"connecting_to":	{			"host":	"10.90.90.1",			"port":	4007		},		"cookie":	"DESKTOP-1697F3F.1658251388.091332.72",		"test_start":	{			"protocol":	"UDP",			"num_streams":	1,			"blksize":	65500,			"omit":	0,			"duration":	30,			"bytes":	0,			"blocks":	0,			"reverse":	1		}	},	"intervals":	[{			"streams":	[{					"socket":	4,					"start":	0,					"end":	1.001431,					"seconds":	1.001431,					"bytes":	10414500,					"bits_per_second":	83196946.142495,					"jitter_ms":	3863077.800010,					"lost_packets":	1259,					"packets":	1418,					"lost_percent":	88.787024,					"omitted":	false				}],			"sum":	{				"start":	0,				"end":	1.001431,				"seconds":	1.001431,				"bytes":	10414500,				"bits_per_second":	83196946.142495,				"jitter_ms":	3863077.800010,				"lost_packets":	1259,				"packets":	1418,				"lost_percent":	88.787024,				"omitted":	false			}		}, {			"streams":	[{					"socket":	4,					"start":	1.001431,					"end":	2.001128,					"seconds":	0.999697,					"bytes":	31571000,					"bits_per_second":	252644558.884225,					"jitter_ms":	0.777127,					"lost_packets":	1524,					"packets":	2006,					"lost_percent":	75.972084,					"omitted":	false				}],			"sum":	{				"start":	1.001431,				"end":	2.001128,				"seconds":	0.999697,				"bytes":	31571000,				"bits_per_second":	252644558.884225,				"jitter_ms":	0.777127,				"lost_packets":	1524,				"packets":	2006,				"lost_percent":	75.972084,				"omitted":	false			}		}, {			"streams":	[{					"socket":	4,					"start":	2.001128,					"end":	3.000908,					"seconds":	0.999780,					"bytes":	29999000,					"bits_per_second":	240044824.347704,					"jitter_ms":	1.165122,					"lost_packets":	1322,					"packets":	1780,					"lost_percent":	74.269663,					"omitted":	false				}],			"sum":	{				"start":	2.001128,				"end":	3.000908,				"seconds":	0.999780,				"bytes":	29999000,				"bits_per_second":	240044824.347704,				"jitter_ms":	1.165122,				"lost_packets":	1322,				"packets":	1780,				"lost_percent":	74.269663,				"omitted":	false			}		}, {			"streams":	[{					"socket":	4,					"start":	3.000908,					"end":	4.001635,					"seconds":	1.000727,					"bytes":	22794000,					"bits_per_second":	182219537.648609,					"jitter_ms":	1.060065,					"lost_packets":	1227,					"packets":	1575,					"lost_percent":	77.904762,					"omitted":	false				}],			"sum":	{				"start":	3.000908,				"end":	4.001635,				"seconds":	1.000727,				"bytes":	22794000,				"bits_per_second":	182219537.648609,				"jitter_ms":	1.060065,				"lost_packets":	1227,				"packets":	1575,				"lost_percent":	77.904762,				"omitted":	false			}		}, {			"streams":	[{					"socket":	4,					"start":	4.001635,					"end":	5.014468,					"seconds":	1.012833,					"bytes":	19781000,					"bits_per_second":	156242916.151813,					"jitter_ms":	1.229499,					"lost_packets":	1641,					"packets":	1943,					"lost_percent":	84.457025,					"omitted":	false				}],			"sum":	{				"start":	4.001635,				"end":	5.014468,				"seconds":	1.012833,				"bytes":	19781000,				"bits_per_second":	156242916.151813,				"jitter_ms":	1.229499,				"lost_packets":	1641,				"packets":	1943,				"lost_percent":	84.457025,				"omitted":	false			}		}, {			"streams":	[{					"socket":	4,					"start":	5.014468,					"end":	6.000518,					"seconds":	0.986050,					"bytes":	20043000,					"bits_per_second":	162612461.643027,					"jitter_ms":	3.071342,					"lost_packets":	1366,					"packets":	1672,					"lost_percent":	81.698565,					"omitted":	false				}],			"sum":	{				"start":	5.014468,				"end":	6.000518,				"seconds":	0.986050,				"bytes":	20043000,				"bits_per_second":	162612461.643027,				"jitter_ms":	3.071342,				"lost_packets":	1366,				"packets":	1672,				"lost_percent":	81.698565,				"omitted":	false			}		}, {			"streams":	[{					"socket":	4,					"start":	6.000518,					"end":	7.003607,					"seconds":	1.003089,					"bytes":	22859500,					"bits_per_second":	182312844.536349,					"jitter_ms":	1.941566,					"lost_packets":	1658,					"packets":	2007,					"lost_percent":	82.610862,					"omitted":	false				}],			"sum":	{				"start":	6.000518,				"end":	7.003607,				"seconds":	1.003089,				"bytes":	22859500,				"bits_per_second":	182312844.536349,				"jitter_ms":	1.941566,				"lost_packets":	1658,				"packets":	2007,				"lost_percent":	82.610862,				"omitted":	false			}		}, {			"streams":	[{					"socket":	4,					"start":	7.003607,					"end":	8.004028,					"seconds":	1.000421,					"bytes":	1899500,					"bits_per_second":	15189604.459411,					"jitter_ms":	9.913730,					"lost_packets":	1307,					"packets":	1336,					"lost_percent":	97.829341,					"omitted":	false				}],			"sum":	{				"start":	7.003607,				"end":	8.004028,				"seconds":	1.000421,				"bytes":	1899500,				"bits_per_second":	15189604.459411,				"jitter_ms":	9.913730,				"lost_packets":	1307,				"packets":	1336,				"lost_percent":	97.829341,				"omitted":	false			}		}, {			"streams":	[{					"socket":	4,					"start":	8.004028,					"end":	9.014814,					"seconds":	1.010786,					"bytes":	0,					"bits_per_second":	0,					"jitter_ms":	9.913730,					"lost_packets":	0,					"packets":	0,					"lost_percent":	0,					"omitted":	false				}],			"sum":	{				"start":	8.004028,				"end":	9.014814,				"seconds":	1.010786,				"bytes":	0,				"bits_per_second":	0,				"jitter_ms":	9.913730,				"lost_packets":	0,				"packets":	0,				"lost_percent":	0,				"omitted":	false			}		}, {			"streams":	[{					"socket":	4,					"start":	9.014814,					"end":	10.013711,					"seconds":	0.998897,					"bytes":	0,					"bits_per_second":	0,					"jitter_ms":	9.913730,					"lost_packets":	0,					"packets":	0,					"lost_percent":	0,					"omitted":	false				}],			"sum":	{				"start":	9.014814,				"end":	10.013711,				"seconds":	0.998897,				"bytes":	0,				"bits_per_second":	0,				"jitter_ms":	9.913730,				"lost_packets":	0,				"packets":	0,				"lost_percent":	0,				"omitted":	false			}		}, {			"streams":	[{					"socket":	4,					"start":	10.013711,					"end":	11.011399,					"seconds":	0.997688,					"bytes":	0,					"bits_per_second":	0,					"jitter_ms":	9.913730,					"lost_packets":	0,					"packets":	0,					"lost_percent":	0,					"omitted":	false				}],			"sum":	{				"start":	10.013711,				"end":	11.011399,				"seconds":	0.997688,				"bytes":	0,				"bits_per_second":	0,				"jitter_ms":	9.913730,				"lost_packets":	0,				"packets":	0,				"lost_percent":	0,				"omitted":	false			}		}, {			"streams":	[{					"socket":	4,					"start":	11.011399,					"end":	12.007572,					"seconds":	0.996173,					"bytes":	0,					"bits_per_second":	0,					"jitter_ms":	9.913730,					"lost_packets":	0,					"packets":	0,					"lost_percent":	0,					"omitted":	false				}],			"sum":	{				"start":	11.011399,				"end":	12.007572,				"seconds":	0.996173,				"bytes":	0,				"bits_per_second":	0,				"jitter_ms":	9.913730,				"lost_packets":	0,				"packets":	0,				"lost_percent":	0,				"omitted":	false			}		}, {			"streams":	[{					"socket":	4,					"start":	12.007572,					"end":	13.000369,					"seconds":	0.992797,					"bytes":	0,					"bits_per_second":	0,					"jitter_ms":	9.913730,					"lost_packets":	0,					"packets":	0,					"lost_percent":	0,					"omitted":	false				}],			"sum":	{				"start":	12.007572,				"end":	13.000369,				"seconds":	0.992797,				"bytes":	0,				"bits_per_second":	0,				"jitter_ms":	9.913730,				"lost_packets":	0,				"packets":	0,				"lost_percent":	0,				"omitted":	false			}		}, {			"streams":	[{					"socket":	4,					"start":	13.000369,					"end":	14.013606,					"seconds":	1.013237,					"bytes":	0,					"bits_per_second":	0,					"jitter_ms":	9.913730,					"lost_packets":	0,					"packets":	0,					"lost_percent":	0,					"omitted":	false				}],			"sum":	{				"start":	13.000369,