{	"start":	{		"connected":	[{				"socket":	4,				"local_host":	"10.90.90.2",				"local_port":	49773,				"remote_host":	"10.90.90.1",				"remote_port":	4004			}],		"version":	"iperf 3.1.3",		"system_info":	"CYGWIN_NT-10.0 DESKTOP-1697F3F 2.5.1(0.297/5/3) 2016-04-21 22:14 x86_64",		"timestamp":	{			"time":	"Tue, 19 Jul 2022 17:21:32 GMT",			"timesecs":	1658251292		},		"connecting_to":	{			"host":	"10.90.90.1",			"port":	4004		},		"cookie":	"DESKTOP-1697F3F.1658251292.069453.09",		"test_start":	{			"protocol":	"UDP",			"num_streams":	1,			"blksize":	65500,			"omit":	0,			"duration":	30,			"bytes":	0,			"blocks":	0,			"reverse":	1		}	},	"intervals":	[{			"streams":	[{					"socket":	4,					"start":	0,					"end":	1.005375,					"seconds":	1.005375,					"bytes":	21287500,					"bits_per_second":	169389506.524896,					"jitter_ms":	86.895060,					"lost_packets":	1258,					"packets":	1583,					"lost_percent":	79.469362,					"omitted":	false				}],			"sum":	{				"start":	0,				"end":	1.005375,				"seconds":	1.005375,				"bytes":	21287500,				"bits_per_second":	169389506.524896,				"jitter_ms":	86.895060,				"lost_packets":	1258,				"packets":	1583,				"lost_percent":	79.469362,				"omitted":	false			}		}, {			"streams":	[{					"socket":	4,					"start":	1.005375,					"end":	2.001996,					"seconds":	0.996621,					"bytes":	26920500,					"bits_per_second":	216094205.338541,					"jitter_ms":	0.828232,					"lost_packets":	1395,					"packets":	1806,					"lost_percent":	77.242525,					"omitted":	false				}],			"sum":	{				"start":	1.005375,				"end":	2.001996,				"seconds":	0.996621,				"bytes":	26920500,				"bits_per_second":	216094205.338541,				"jitter_ms":	0.828232,				"lost_packets":	1395,				"packets":	1806,				"lost_percent":	77.242525,				"omitted":	false			}		}, {			"streams":	[{					"socket":	4,					"start":	2.001996,					"end":	3.001167,					"seconds":	0.999171,					"bytes":	24497000,					"bits_per_second":	196138595.247191,					"jitter_ms":	0.442183,					"lost_packets":	1426,					"packets":	1800,					"lost_percent":	79.222222,					"omitted":	false				}],			"sum":	{				"start":	2.001996,				"end":	3.001167,				"seconds":	0.999171,				"bytes":	24497000,				"bits_per_second":	196138595.247191,				"jitter_ms":	0.442183,				"lost_packets":	1426,				"packets":	1800,				"lost_percent":	79.222222,				"omitted":	false			}		}, {			"streams":	[{					"socket":	4,					"start":	3.001167,					"end":	4.000155,					"seconds":	0.998988,					"bytes":	23907500,					"bits_per_second":	191453767.844319,					"jitter_ms":	0.427827,					"lost_packets":	1453,					"packets":	1818,					"lost_percent":	79.922992,					"omitted":	false				}],			"sum":	{				"start":	3.001167,				"end":	4.000155,				"seconds":	0.998988,				"bytes":	23907500,				"bits_per_second":	191453767.844319,				"jitter_ms":	0.427827,				"lost_packets":	1453,				"packets":	1818,				"lost_percent":	79.922992,				"omitted":	false			}		}, {			"streams":	[{					"socket":	4,					"start":	4.000155,					"end":	5.003454,					"seconds":	1.003299,					"bytes":	13820500,					"bits_per_second":	110200448.952637,					"jitter_ms":	0.495632,					"lost_packets":	1562,					"packets":	1773,					"lost_percent":	88.099267,					"omitted":	false				}],			"sum":	{				"start":	4.000155,				"end":	5.003454,				"seconds":	1.003299,				"bytes":	13820500,				"bits_per_second":	110200448.952637,				"jitter_ms":	0.495632,				"lost_packets":	1562,				"packets":	1773,				"lost_percent":	88.099267,				"omitted":	false			}		}, {			"streams":	[{					"socket":	4,					"start":	5.003454,					"end":	6.009821,					"seconds":	1.006367,					"bytes":	524000,					"bits_per_second":	4165477.544000,					"jitter_ms":	0.630373,					"lost_packets":	1136,					"packets":	1144,					"lost_percent":	99.300699,					"omitted":	false				}],			"sum":	{				"start":	5.003454,				"end":	6.009821,				"seconds":	1.006367,				"bytes":	524000,				"bits_per_second":	4165477.544000,				"jitter_ms":	0.630373,				"lost_packets":	1136,				"packets":	1144,				"lost_percent":	99.300699,				"omitted":	false			}		}, {			"streams":	[{					"socket":	4,					"start":	6.009821,					"end":	7.007146,					"seconds":	0.997325,					"bytes":	65500,					"bits_per_second":	525405.489347,					"jitter_ms":	0.629658,					"lost_packets":	1399,					"packets":	1400,					"lost_percent":	99.928571,					"omitted":	false				}],			"sum":	{				"start":	6.009821,				"end":	7.007146,				"seconds":	0.997325,				"bytes":	65500,				"bits_per_second":	525405.489347,				"jitter_ms":	0.629658,				"lost_packets":	1399,				"packets":	1400,				"lost_percent":	99.928571,				"omitted":	false			}		}, {			"streams":	[{					"socket":	4,					"start":	7.007146,					"end":	8.008115,					"seconds":	1.000969,					"bytes":	0,					"bits_per_second":	0,					"jitter_ms":	0.629658,					"lost_packets":	0,					"packets":	0,					"lost_percent":	0,					"omitted":	false				}],			"sum":	{				"start":	7.007146,				"end":	8.008115,				"seconds":	1.000969,				"bytes":	0,				"bits_per_second":	0,				"jitter_ms":	0.629658,				"lost_packets":	0,				"packets":	0,				"lost_percent":	0,				"omitted":	false			}		}, {			"streams":	[{					"socket":	4,					"start":	8.008115,					"end":	9.006416,					"seconds":	0.998301,					"bytes":	0,					"bits_per_second":	0,					"jitter_ms":	0.629658,					"lost_packets":	0,					"packets":	0,					"lost_percent":	0,					"omitted":	false				}],			"sum":	{				"start":	8.008115,				"end":	9.006416,				"seconds":	0.998301,				"bytes":	0,				"bits_per_second":	0,				"jitter_ms":	0.629658,				"lost_packets":	0,				"packets":	0,				"lost_percent":	0,				"omitted":	false			}		}, {			"streams":	[{					"socket":	4,					"start":	9.006416,					"end":	10.014060,					"seconds":	1.007644,					"bytes":	0,					"bits_per_second":	0,					"jitter_ms":	0.629658,					"lost_packets":	0,					"packets":	0,					"lost_percent":	0,					"omitted":	false				}],			"sum":	{				"start":	9.006416,				"end":	10.014060,				"seconds":	1.007644,				"bytes":	0,				"bits_per_second":	0,				"jitter_ms":	0.629658,				"lost_packets":	0,				"packets":	0,				"lost_percent":	0,				"omitted":	false			}		}, {			"streams":	[{					"socket":	4,					"start":	10.014060,					"end":	11.008839,					"seconds":	0.994779,					"bytes":	0,					"bits_per_second":	0,					"jitter_ms":	0.629658,					"lost_packets":	0,					"packets":	0,					"lost_percent":	0,					"omitted":	false				}],			"sum":	{				"start":	10.014060,				"end":	11.008839,				"seconds":	0.994779,				"bytes":	0,				"bits_per_second":	0,				"jitter_ms":	0.629658,				"lost_packets":	0,				"packets":	0,				"lost_percent":	0,				"omitted":	false			}		}, {			"streams":	[{					"socket":	4,					"start":	11.008839,					"end":	12.001450,					"seconds":	0.992611,					"bytes":	0,					"bits_per_second":	0,					"jitter_ms":	0.629658,					"lost_packets":	0,					"packets":	0,					"lost_percent":	0,					"omitted":	false				}],			"sum":	{				"start":	11.008839,				"end":	12.001450,				"seconds":	0.992611,				"bytes":	0,				"bits_per_second":	0,				"jitter_ms":	0.629658,				"lost_packets":	0,				"packets":	0,				"lost_percent":	0,				"omitted":	false			}		}, {			"streams":	[{					"socket":	4,					"start":	12.001450,					"end":	13.003599,					"seconds":	1.002149,					"bytes":	0,					"bits_per_second":	0,					"jitter_ms":	0.629658,					"lost_packets":	0,					"packets":	0,					"lost_percent":	0,					"omitted":	false				}],			"sum":	{				"start":	12.001450,				"end":	13.003599,				"seconds":	1.002149,				"bytes":	0,				"bits_per_second":	0,				"jitter_ms":	0.629658,				"lost_packets":	0,				"packets":	0,				"lost_percent":	0,				"omitted":	false			}		}, {			"streams":	[{					"socket":	4,					"start":	13.003599,					"end":	14.013348,					"seconds":	1.009749,					"bytes":	0,					"bits_per_second":	0,					"jitter_ms":	0.629658,					"lost_packets":	0,					"packets":	0,					"lost_percent":	0,					"omitted":	false				}],			"sum":	{				"start":	13.003599,				"end":	14.013348,				"seconds":	1.009749,				"bytes":	0,				"bits_per_second":	0,