{	"start":	{		"connected":	[{				"socket":	5,				"local_host":	"10.90.90.1",				"local_port":	4008,				"remote_host":	"10.90.90.2",				"remote_port":	62836			}],		"version":	"iperf 3.9",		"system_info":	"Linux minarady-Latitude-E6430 5.15.0-27-generic #28-Ubuntu SMP Thu Apr 14 04:55:28 UTC 2022 x86_64",		"target_bitrate":	1800000000,		"timestamp":	{			"time":	"Tue, 19 Jul 2022 16:06:31 GMT",			"timesecs":	1658246791		},		"accepted_connection":	{			"host":	"10.90.90.2",			"port":	6503		},		"cookie":	"DESKTOP-1697F3F.1658246790.912270.7d",		"sock_bufsize":	0,		"sndbuf_actual":	2000000,		"rcvbuf_actual":	212992,		"test_start":	{			"protocol":	"UDP",			"num_streams":	1,			"blksize":	65500,			"omit":	0,			"duration":	30,			"bytes":	0,			"blocks":	0,			"reverse":	0,			"tos":	0		}	},	"intervals":	[{			"streams":	[{					"socket":	5,					"start":	0,					"end":	1.000168,					"seconds":	1.0001679658889771,					"bytes":	0,					"bits_per_second":	0,					"jitter_ms":	0,					"lost_packets":	0,					"packets":	0,					"lost_percent":	0,					"omitted":	false,					"sender":	false				}],			"sum":	{				"start":	0,				"end":	1.000168,				"seconds":	1.0001679658889771,				"bytes":	0,				"bits_per_second":	0,				"jitter_ms":	0,				"lost_packets":	0,				"packets":	0,				"lost_percent":	0,				"omitted":	false,				"sender":	false			}		}, {			"streams":	[{					"socket":	5,					"start":	1.000168,					"end":	2.000274,					"seconds":	1.0001059770584106,					"bytes":	1637500,					"bits_per_second":	13098611.847647123,					"jitter_ms":	3.7684492315634546,					"lost_packets":	399,					"packets":	424,					"lost_percent":	94.103773584905667,					"omitted":	false,					"sender":	false				}],			"sum":	{				"start":	1.000168,				"end":	2.000274,				"seconds":	1.0001059770584106,				"bytes":	1637500,				"bits_per_second":	13098611.847647123,				"jitter_ms":	3.7684492315634546,				"lost_packets":	399,				"packets":	424,				"lost_percent":	94.103773584905667,				"omitted":	false,				"sender":	false			}		}, {			"streams":	[{					"socket":	5,					"start":	2.000274,					"end":	3.001138,					"seconds":	1.0008640289306641,					"bytes":	0,					"bits_per_second":	0,					"jitter_ms":	3.7684492315634546,					"lost_packets":	0,					"packets":	0,					"lost_percent":	0,					"omitted":	false,					"sender":	false				}],			"sum":	{				"start":	2.000274,				"end":	3.001138,				"seconds":	1.0008640289306641,				"bytes":	0,				"bits_per_second":	0,				"jitter_ms":	3.7684492315634546,				"lost_packets":	0,				"packets":	0,				"lost_percent":	0,				"omitted":	false,				"sender":	false			}		}, {			"streams":	[{					"socket":	5,					"start":	3.001138,					"end":	4.000129,					"seconds":	0.99899101257324219,					"bytes":	5174500,					"bits_per_second":	41437810.229513958,					"jitter_ms":	3.6581611624628576,					"lost_packets":	449,					"packets":	528,					"lost_percent":	85.0378787878788,					"omitted":	false,					"sender":	false				}],			"sum":	{				"start":	3.001138,				"end":	4.000129,				"seconds":	0.99899101257324219,				"bytes":	5174500,				"bits_per_second":	41437810.229513958,				"jitter_ms":	3.6581611624628576,				"lost_packets":	449,				"packets":	528,				"lost_percent":	85.0378787878788,				"omitted":	false,				"sender":	false			}		}, {			"streams":	[{					"socket":	5,					"start":	4.000129,					"end":	5.00008,					"seconds":	0.99995100498199463,					"bytes":	4650500,					"bits_per_second":	37205822.899962887,					"jitter_ms":	3.7371701335877048,					"lost_packets":	5,					"packets":	76,					"lost_percent":	6.5789473684210522,					"omitted":	false,					"sender":	false				}],			"sum":	{				"start":	4.000129,				"end":	5.00008,				"seconds":	0.99995100498199463,				"bytes":	4650500,				"bits_per_second":	37205822.899962887,				"jitter_ms":	3.7371701335877048,				"lost_packets":	5,				"packets":	76,				"lost_percent":	6.5789473684210522,				"omitted":	false,				"sender":	false			}		}, {			"streams":	[{					"socket":	5,					"start":	5.00008,					"end":	6.000119,					"seconds":	1.0000389814376831,					"bytes":	2292500,					"bits_per_second":	18339285.1083004,					"jitter_ms":	7.0605551891594365,					"lost_packets":	406,					"packets":	441,					"lost_percent":	92.063492063492063,					"omitted":	false,					"sender":	false				}],			"sum":	{				"start":	5.00008,				"end":	6.000119,				"seconds":	1.0000389814376831,				"bytes":	2292500,				"bits_per_second":	18339285.1083004,				"jitter_ms":	7.0605551891594365,				"lost_packets":	406,				"packets":	441,				"lost_percent":	92.063492063492063,				"omitted":	false,				"sender":	false			}		}, {			"streams":	[{					"socket":	5,					"start":	6.000119,					"end":	7.00111,					"seconds":	1.0009909868240356,					"bytes":	0,					"bits_per_second":	0,					"jitter_ms":	7.0605551891594365,					"lost_packets":	0,					"packets":	0,					"lost_percent":	0,					"omitted":	false,					"sender":	false				}],			"sum":	{				"start":	6.000119,				"end":	7.00111,				"seconds":	1.0009909868240356,				"bytes":	0,				"bits_per_second":	0,				"jitter_ms":	7.0605551891594365,				"lost_packets":	0,				"packets":	0,				"lost_percent":	0,				"omitted":	false,				"sender":	false			}		}, {			"streams":	[{					"socket":	5,					"start":	7.00111,					"end":	8.000083,					"seconds":	0.99897301197052,					"bytes":	4650500,					"bits_per_second":	37242247.342211381,					"jitter_ms":	2.6010353247106242,					"lost_packets":	535,					"packets":	606,					"lost_percent":	88.2838283828383,					"omitted":	false,					"sender":	false				}],			"sum":	{				"start":	7.00111,				"end":	8.000083,				"seconds":	0.99897301197052,				"bytes":	4650500,				"bits_per_second":	37242247.342211381,				"jitter_ms":	2.6010353247106242,				"lost_packets":	535,				"packets":	606,				"lost_percent":	88.2838283828383,				"omitted":	false,				"sender":	false			}		}, {			"streams":	[{					"socket":	5,					"start":	8.000083,					"end":	9.00099,					"seconds":	1.0009069442749023,					"bytes":	1703000,					"bits_per_second":	13611654.9874372,					"jitter_ms":	2.2011895022319838,					"lost_packets":	1,					"packets":	27,					"lost_percent":	3.7037037037037037,					"omitted":	false,					"sender":	false				}],			"sum":	{				"start":	8.000083,				"end":	9.00099,				"seconds":	1.0009069442749023,				"bytes":	1703000,				"bits_per_second":	13611654.9874372,				"jitter_ms":	2.2011895022319838,				"lost_packets":	1,				"packets":	27,				"lost_percent":	3.7037037037037037,				"omitted":	false,				"sender":	false			}		}, {			"streams":	[{					"socket":	5,					"start":	9.00099,					"end":	10.000092,					"seconds":	0.999101996421814,					"bytes":	3602500,					"bits_per_second":	28845903.724760845,					"jitter_ms":	2.5514245370442863,					"lost_packets":	547,					"packets":	602,					"lost_percent":	90.8637873754153,					"omitted":	false,					"sender":	false				}],			"sum":	{				"start":	9.00099,				"end":	10.000092,				"seconds":	0.999101996421814,				"bytes":	3602500,				"bits_per_second":	28845903.724760845,				"jitter_ms":	2.5514245370442863,				"lost_packets":	547,				"packets":	602,				"lost_percent":	90.8637873754153,				"omitted":	false,				"sender":	false			}		}, {			"streams":	[{					"socket":	5,					"start":	10.000092,					"end":	11.000079,					"seconds":	0.999987006187439,					"bytes":	20108500,					"bits_per_second":	160870090.31580025,					"jitter_ms":	2.3598796352131983,					"lost_packets":	7,					"packets":	314,					"lost_percent":	2.2292993630573248,					"omitted":	false,					"sender":	false				}],			"sum":	{				"start":	10.000092,				"end":	11.000079,				"seconds":	0.999987006187439,				"bytes":	20108500,				"bits_per_second":	160870090.31580025,				"jitter_ms":	2.3598796352131983,				"lost_packets":	7,				"packets":	314,				"lost_percent":	2.2292993630573248,				"omitted":	false,				"sender":	false			}		}, {			"streams":	[{					"socket":	5,					"start":	11.000079,					"end":	12.000967,					"seconds":	1.0008879899978638,					"bytes":	2161500,					"bits_per_second":	17276658.500055443,					"jitter_ms":	2.4495826693129228,