{	"start":	{		"connected":	[{				"socket":	4,				"local_host":	"10.90.90.2",				"local_port":	64283,				"remote_host":	"10.90.90.1",				"remote_port":	4004			}],		"version":	"iperf 3.1.3",		"system_info":	"CYGWIN_NT-10.0 DESKTOP-1697F3F 2.5.1(0.297/5/3) 2016-04-21 22:14 x86_64",		"timestamp":	{			"time":	"Tue, 19 Jul 2022 16:10:27 GMT",			"timesecs":	1658247027		},		"connecting_to":	{			"host":	"10.90.90.1",			"port":	4004		},		"cookie":	"DESKTOP-1697F3F.1658247026.950880.6b",		"test_start":	{			"protocol":	"UDP",			"num_streams":	1,			"blksize":	65500,			"omit":	0,			"duration":	30,			"bytes":	0,			"blocks":	0,			"reverse":	1		}	},	"intervals":	[{			"streams":	[{					"socket":	4,					"start":	0,					"end":	1.002216,					"seconds":	1.002216,					"bytes":	15327000,					"bits_per_second":	122344900.550433,					"jitter_ms":	30534.201423,					"lost_packets":	1320,					"packets":	1554,					"lost_percent":	84.942085,					"omitted":	false				}],			"sum":	{				"start":	0,				"end":	1.002216,				"seconds":	1.002216,				"bytes":	15327000,				"bits_per_second":	122344900.550433,				"jitter_ms":	30534.201423,				"lost_packets":	1320,				"packets":	1554,				"lost_percent":	84.942085,				"omitted":	false			}		}, {			"streams":	[{					"socket":	4,					"start":	1.002216,					"end":	2.002037,					"seconds":	0.999821,					"bytes":	38121000,					"bits_per_second":	305022542.280843,					"jitter_ms":	0.390188,					"lost_packets":	1237,					"packets":	1819,					"lost_percent":	68.004398,					"omitted":	false				}],			"sum":	{				"start":	1.002216,				"end":	2.002037,				"seconds":	0.999821,				"bytes":	38121000,				"bits_per_second":	305022542.280843,				"jitter_ms":	0.390188,				"lost_packets":	1237,				"packets":	1819,				"lost_percent":	68.004398,				"omitted":	false			}		}, {			"streams":	[{					"socket":	4,					"start":	2.002037,					"end":	3.000426,					"seconds":	0.998389,					"bytes":	39169000,					"bits_per_second":	313857622.853666,					"jitter_ms":	0.452361,					"lost_packets":	1219,					"packets":	1817,					"lost_percent":	67.088608,					"omitted":	false				}],			"sum":	{				"start":	2.002037,				"end":	3.000426,				"seconds":	0.998389,				"bytes":	39169000,				"bits_per_second":	313857622.853666,				"jitter_ms":	0.452361,				"lost_packets":	1219,				"packets":	1817,				"lost_percent":	67.088608,				"omitted":	false			}		}, {			"streams":	[{					"socket":	4,					"start":	3.000426,					"end":	4.000150,					"seconds":	0.999724,					"bytes":	39103500,					"bits_per_second":	312914392.132304,					"jitter_ms":	0.453285,					"lost_packets":	1227,					"packets":	1824,					"lost_percent":	67.269737,					"omitted":	false				}],			"sum":	{				"start":	3.000426,				"end":	4.000150,				"seconds":	0.999724,				"bytes":	39103500,				"bits_per_second":	312914392.132304,				"jitter_ms":	0.453285,				"lost_packets":	1227,				"packets":	1824,				"lost_percent":	67.269737,				"omitted":	false			}		}, {			"streams":	[{					"socket":	4,					"start":	4.000150,					"end":	5.012589,					"seconds":	1.012439,					"bytes":	8777000,					"bits_per_second":	69353313.267445,					"jitter_ms":	0.614222,					"lost_packets":	1598,					"packets":	1732,					"lost_percent":	92.263279,					"omitted":	false				}],			"sum":	{				"start":	4.000150,				"end":	5.012589,				"seconds":	1.012439,				"bytes":	8777000,				"bits_per_second":	69353313.267445,				"jitter_ms":	0.614222,				"lost_packets":	1598,				"packets":	1732,				"lost_percent":	92.263279,				"omitted":	false			}		}, {			"streams":	[{					"socket":	4,					"start":	5.012589,					"end":	6.001436,					"seconds":	0.988847,					"bytes":	589500,					"bits_per_second":	4769190.701442,					"jitter_ms":	0.945735,					"lost_packets":	1553,					"packets":	1562,					"lost_percent":	99.423816,					"omitted":	false				}],			"sum":	{				"start":	5.012589,				"end":	6.001436,				"seconds":	0.988847,				"bytes":	589500,				"bits_per_second":	4769190.701442,				"jitter_ms":	0.945735,				"lost_packets":	1553,				"packets":	1562,				"lost_percent":	99.423816,				"omitted":	false			}		}, {			"streams":	[{					"socket":	4,					"start":	6.001436,					"end":	7.009476,					"seconds":	1.008040,					"bytes":	131000,					"bits_per_second":	1039641.334278,					"jitter_ms":	0.918954,					"lost_packets":	913,					"packets":	915,					"lost_percent":	99.781421,					"omitted":	false				}],			"sum":	{				"start":	6.001436,				"end":	7.009476,				"seconds":	1.008040,				"bytes":	131000,				"bits_per_second":	1039641.334278,				"jitter_ms":	0.918954,				"lost_packets":	913,				"packets":	915,				"lost_percent":	99.781421,				"omitted":	false			}		}, {			"streams":	[{					"socket":	4,					"start":	7.009476,					"end":	8.000813,					"seconds":	0.991337,					"bytes":	65500,					"bits_per_second":	528579.048088,					"jitter_ms":	0.889072,					"lost_packets":	1469,					"packets":	1470,					"lost_percent":	99.931973,					"omitted":	false				}],			"sum":	{				"start":	7.009476,				"end":	8.000813,				"seconds":	0.991337,				"bytes":	65500,				"bits_per_second":	528579.048088,				"jitter_ms":	0.889072,				"lost_packets":	1469,				"packets":	1470,				"lost_percent":	99.931973,				"omitted":	false			}		}, {			"streams":	[{					"socket":	4,					"start":	8.000813,					"end":	9.006119,					"seconds":	1.005306,					"bytes":	0,					"bits_per_second":	0,					"jitter_ms":	0.889072,					"lost_packets":	0,					"packets":	0,					"lost_percent":	0,					"omitted":	false				}],			"sum":	{				"start":	8.000813,				"end":	9.006119,				"seconds":	1.005306,				"bytes":	0,				"bits_per_second":	0,				"jitter_ms":	0.889072,				"lost_packets":	0,				"packets":	0,				"lost_percent":	0,				"omitted":	false			}		}, {			"streams":	[{					"socket":	4,					"start":	9.006119,					"end":	10.013757,					"seconds":	1.007638,					"bytes":	0,					"bits_per_second":	0,					"jitter_ms":	0.889072,					"lost_packets":	0,					"packets":	0,					"lost_percent":	0,					"omitted":	false				}],			"sum":	{				"start":	9.006119,				"end":	10.013757,				"seconds":	1.007638,				"bytes":	0,				"bits_per_second":	0,				"jitter_ms":	0.889072,				"lost_packets":	0,				"packets":	0,				"lost_percent":	0,				"omitted":	false			}		}, {			"streams":	[{					"socket":	4,					"start":	10.013757,					"end":	11.000476,					"seconds":	0.986719,					"bytes":	0,					"bits_per_second":	0,					"jitter_ms":	0.889072,					"lost_packets":	0,					"packets":	0,					"lost_percent":	0,					"omitted":	false				}],			"sum":	{				"start":	10.013757,				"end":	11.000476,				"seconds":	0.986719,				"bytes":	0,				"bits_per_second":	0,				"jitter_ms":	0.889072,				"lost_packets":	0,				"packets":	0,				"lost_percent":	0,				"omitted":	false			}		}, {			"streams":	[{					"socket":	4,					"start":	11.000476,					"end":	12.005835,					"seconds":	1.005359,					"bytes":	0,					"bits_per_second":	0,					"jitter_ms":	0.889072,					"lost_packets":	0,					"packets":	0,					"lost_percent":	0,					"omitted":	false				}],			"sum":	{				"start":	11.000476,				"end":	12.005835,				"seconds":	1.005359,				"bytes":	0,				"bits_per_second":	0,				"jitter_ms":	0.889072,				"lost_packets":	0,				"packets":	0,				"lost_percent":	0,				"omitted":	false			}		}, {			"streams":	[{					"socket":	4,					"start":	12.005835,					"end":	13.006934,					"seconds":	1.001099,					"bytes":	0,					"bits_per_second":	0,					"jitter_ms":	0.889072,					"lost_packets":	0,					"packets":	0,					"lost_percent":	0,					"omitted":	false				}],			"sum":	{				"start":	12.005835,				"end":	13.006934,				"seconds":	1.001099,				"bytes":	0,				"bits_per_second":	0,				"jitter_ms":	0.889072,				"lost_packets":	0,				"packets":	0,				"lost_percent":	0,				"omitted":	false			}		}, {			"streams":	[{					"socket":	4,					"start":	13.006934,					"end":	14.001874,					"seconds":	0.994940,					"bytes":	0,					"bits_per_second":	0,					"jitter_ms":	0.889072,					"lost_packets":	0,					"packets":	0,					"lost_percent":	0,					"omitted":	false				}],			"sum":	{				"start":	13.006934,				"end":	14.001874,