{	"start":	{		"connected":	[{				"socket":	5,				"local_host":	"10.90.90.1",				"local_port":	4008,				"remote_host":	"10.90.90.2",				"remote_port":	55048			}],		"version":	"iperf 3.9",		"system_info":	"Linux minarady-Latitude-E6430 5.15.0-27-generic #28-Ubuntu SMP Thu Apr 14 04:55:28 UTC 2022 x86_64",		"target_bitrate":	1800000000,		"timestamp":	{			"time":	"Tue, 19 Jul 2022 16:11:59 GMT",			"timesecs":	1658247119		},		"accepted_connection":	{			"host":	"10.90.90.2",			"port":	22599		},		"cookie":	"DESKTOP-1697F3F.1658247119.895657.48",		"sock_bufsize":	0,		"sndbuf_actual":	2000000,		"rcvbuf_actual":	212992,		"test_start":	{			"protocol":	"UDP",			"num_streams":	1,			"blksize":	65500,			"omit":	0,			"duration":	30,			"bytes":	0,			"blocks":	0,			"reverse":	0,			"tos":	0		}	},	"intervals":	[{			"streams":	[{					"socket":	5,					"start":	0,					"end":	1.000504,					"seconds":	1.0005040168762207,					"bytes":	0,					"bits_per_second":	0,					"jitter_ms":	0,					"lost_packets":	0,					"packets":	0,					"lost_percent":	0,					"omitted":	false,					"sender":	false				}],			"sum":	{				"start":	0,				"end":	1.000504,				"seconds":	1.0005040168762207,				"bytes":	0,				"bits_per_second":	0,				"jitter_ms":	0,				"lost_packets":	0,				"packets":	0,				"lost_percent":	0,				"omitted":	false,				"sender":	false			}		}, {			"streams":	[{					"socket":	5,					"start":	1.000504,					"end":	2.000119,					"seconds":	0.99961501359939575,					"bytes":	22073500,					"bits_per_second":	176656010.16149718,					"jitter_ms":	1.1760519153564848,					"lost_packets":	1417,					"packets":	1754,					"lost_percent":	80.7867730900798,					"omitted":	false,					"sender":	false				}],			"sum":	{				"start":	1.000504,				"end":	2.000119,				"seconds":	0.99961501359939575,				"bytes":	22073500,				"bits_per_second":	176656010.16149718,				"jitter_ms":	1.1760519153564848,				"lost_packets":	1417,				"packets":	1754,				"lost_percent":	80.7867730900798,				"omitted":	false,				"sender":	false			}		}, {			"streams":	[{					"socket":	5,					"start":	2.000119,					"end":	3.000523,					"seconds":	1.0004040002822876,					"bytes":	30719500,					"bits_per_second":	245656754.601795,					"jitter_ms":	1.1803776870921825,					"lost_packets":	18,					"packets":	487,					"lost_percent":	3.6960985626283369,					"omitted":	false,					"sender":	false				}],			"sum":	{				"start":	2.000119,				"end":	3.000523,				"seconds":	1.0004040002822876,				"bytes":	30719500,				"bits_per_second":	245656754.601795,				"jitter_ms":	1.1803776870921825,				"lost_packets":	18,				"packets":	487,				"lost_percent":	3.6960985626283369,				"omitted":	false,				"sender":	false			}		}, {			"streams":	[{					"socket":	5,					"start":	3.000523,					"end":	4.001055,					"seconds":	1.0005320310592651,					"bytes":	0,					"bits_per_second":	0,					"jitter_ms":	1.1803776870921825,					"lost_packets":	0,					"packets":	0,					"lost_percent":	0,					"omitted":	false,					"sender":	false				}],			"sum":	{				"start":	3.000523,				"end":	4.001055,				"seconds":	1.0005320310592651,				"bytes":	0,				"bits_per_second":	0,				"jitter_ms":	1.1803776870921825,				"lost_packets":	0,				"packets":	0,				"lost_percent":	0,				"omitted":	false,				"sender":	false			}		}, {			"streams":	[{					"socket":	5,					"start":	4.001055,					"end":	5.001053,					"seconds":	0.99999797344207764,					"bytes":	0,					"bits_per_second":	0,					"jitter_ms":	1.1803776870921825,					"lost_packets":	0,					"packets":	0,					"lost_percent":	0,					"omitted":	false,					"sender":	false				}],			"sum":	{				"start":	4.001055,				"end":	5.001053,				"seconds":	0.99999797344207764,				"bytes":	0,				"bits_per_second":	0,				"jitter_ms":	1.1803776870921825,				"lost_packets":	0,				"packets":	0,				"lost_percent":	0,				"omitted":	false,				"sender":	false			}		}, {			"streams":	[{					"socket":	5,					"start":	5.001053,					"end":	6.001055,					"seconds":	1.0000020265579224,					"bytes":	0,					"bits_per_second":	0,					"jitter_ms":	1.1803776870921825,					"lost_packets":	0,					"packets":	0,					"lost_percent":	0,					"omitted":	false,					"sender":	false				}],			"sum":	{				"start":	5.001053,				"end":	6.001055,				"seconds":	1.0000020265579224,				"bytes":	0,				"bits_per_second":	0,				"jitter_ms":	1.1803776870921825,				"lost_packets":	0,				"packets":	0,				"lost_percent":	0,				"omitted":	false,				"sender":	false			}		}, {			"streams":	[{					"socket":	5,					"start":	6.001055,					"end":	7.001055,					"seconds":	1,					"bytes":	0,					"bits_per_second":	0,					"jitter_ms":	1.1803776870921825,					"lost_packets":	0,					"packets":	0,					"lost_percent":	0,					"omitted":	false,					"sender":	false				}],			"sum":	{				"start":	6.001055,				"end":	7.001055,				"seconds":	1,				"bytes":	0,				"bits_per_second":	0,				"jitter_ms":	1.1803776870921825,				"lost_packets":	0,				"packets":	0,				"lost_percent":	0,				"omitted":	false,				"sender":	false			}		}, {			"streams":	[{					"socket":	5,					"start":	7.001055,					"end":	8.001053,					"seconds":	0.99999797344207764,					"bytes":	0,					"bits_per_second":	0,					"jitter_ms":	1.1803776870921825,					"lost_packets":	0,					"packets":	0,					"lost_percent":	0,					"omitted":	false,					"sender":	false				}],			"sum":	{				"start":	7.001055,				"end":	8.001053,				"seconds":	0.99999797344207764,				"bytes":	0,				"bits_per_second":	0,				"jitter_ms":	1.1803776870921825,				"lost_packets":	0,				"packets":	0,				"lost_percent":	0,				"omitted":	false,				"sender":	false			}		}, {			"streams":	[{					"socket":	5,					"start":	8.001053,					"end":	9.001052,					"seconds":	0.99999898672103882,					"bytes":	0,					"bits_per_second":	0,					"jitter_ms":	1.1803776870921825,					"lost_packets":	0,					"packets":	0,					"lost_percent":	0,					"omitted":	false,					"sender":	false				}],			"sum":	{				"start":	8.001053,				"end":	9.001052,				"seconds":	0.99999898672103882,				"bytes":	0,				"bits_per_second":	0,				"jitter_ms":	1.1803776870921825,				"lost_packets":	0,				"packets":	0,				"lost_percent":	0,				"omitted":	false,				"sender":	false			}		}, {			"streams":	[{					"socket":	5,					"start":	9.001052,					"end":	10.001052,					"seconds":	1,					"bytes":	0,					"bits_per_second":	0,					"jitter_ms":	1.1803776870921825,					"lost_packets":	0,					"packets":	0,					"lost_percent":	0,					"omitted":	false,					"sender":	false				}],			"sum":	{				"start":	9.001052,				"end":	10.001052,				"seconds":	1,				"bytes":	0,				"bits_per_second":	0,				"jitter_ms":	1.1803776870921825,				"lost_packets":	0,				"packets":	0,				"lost_percent":	0,				"omitted":	false,				"sender":	false			}		}, {			"streams":	[{					"socket":	5,					"start":	10.001052,					"end":	11.001053,					"seconds":	1.0000009536743164,					"bytes":	0,					"bits_per_second":	0,					"jitter_ms":	1.1803776870921825,					"lost_packets":	0,					"packets":	0,					"lost_percent":	0,					"omitted":	false,					"sender":	false				}],			"sum":	{				"start":	10.001052,				"end":	11.001053,				"seconds":	1.0000009536743164,				"bytes":	0,				"bits_per_second":	0,				"jitter_ms":	1.1803776870921825,				"lost_packets":	0,				"packets":	0,				"lost_percent":	0,				"omitted":	false,				"sender":	false			}		}, {			"streams":	[{					"socket":	5,					"start":	11.001053,					"end":	12.001038,					"seconds":	0.9999849796295166,					"bytes":	0,					"bits_per_second":	0,					"jitter_ms":	1.1803776870921825,					"lost_packets":	0,					"packets":	0,					"lost_percent":	0,					"omitted":	false,					"sender":	false				}],			"sum":	{				"start":	11.001053,				"end":	12.001038,				"seconds":	0.9999849796295166,				"bytes":	0,				"bits_per_second":	0,				"jitter_ms":	1.1803776870921825,				"lost_packets":	0,				"packets":	0,				"lost_percent":	0,				"omitted":	false,				"sender":	false			}		}, {			"streams":	[{					"socket":	5,					"start":	12.001038,					"end":	13.001044,					"seconds":	1.0000059604644775,					"bytes":	0,					"bits_per_second":	0,