{	"start":	{		"connected":	[{				"socket":	5,				"local_host":	"10.90.90.1",				"local_port":	4008,				"remote_host":	"10.90.90.2",				"remote_port":	51059			}],		"version":	"iperf 3.9",		"system_info":	"Linux minarady-Latitude-E6430 5.15.0-27-generic #28-Ubuntu SMP Thu Apr 14 04:55:28 UTC 2022 x86_64",		"target_bitrate":	1800000000,		"timestamp":	{			"time":	"Tue, 19 Jul 2022 17:23:39 GMT",			"timesecs":	1658251419		},		"accepted_connection":	{			"host":	"10.90.90.2",			"port":	1026		},		"cookie":	"DESKTOP-1697F3F.1658251419.133567.66",		"sock_bufsize":	0,		"sndbuf_actual":	2000000,		"rcvbuf_actual":	212992,		"test_start":	{			"protocol":	"UDP",			"num_streams":	1,			"blksize":	65500,			"omit":	0,			"duration":	30,			"bytes":	0,			"blocks":	0,			"reverse":	0,			"tos":	0		}	},	"intervals":	[{			"streams":	[{					"socket":	5,					"start":	0,					"end":	1.000086,					"seconds":	1.0000859498977661,					"bytes":	8646000,					"bits_per_second":	69162055.528398037,					"jitter_ms":	0.6863310935828536,					"lost_packets":	797,					"packets":	929,					"lost_percent":	85.791173304628629,					"omitted":	false,					"sender":	false				}],			"sum":	{				"start":	0,				"end":	1.000086,				"seconds":	1.0000859498977661,				"bytes":	8646000,				"bits_per_second":	69162055.528398037,				"jitter_ms":	0.6863310935828536,				"lost_packets":	797,				"packets":	929,				"lost_percent":	85.791173304628629,				"omitted":	false,				"sender":	false			}		}, {			"streams":	[{					"socket":	5,					"start":	1.000086,					"end":	2.000469,					"seconds":	1.0003830194473267,					"bytes":	37007500,					"bits_per_second":	295946646.67895085,					"jitter_ms":	0.93357744733698178,					"lost_packets":	36,					"packets":	601,					"lost_percent":	5.9900166389351082,					"omitted":	false,					"sender":	false				}],			"sum":	{				"start":	1.000086,				"end":	2.000469,				"seconds":	1.0003830194473267,				"bytes":	37007500,				"bits_per_second":	295946646.67895085,				"jitter_ms":	0.93357744733698178,				"lost_packets":	36,				"packets":	601,				"lost_percent":	5.9900166389351082,				"omitted":	false,				"sender":	false			}		}, {			"streams":	[{					"socket":	5,					"start":	2.000469,					"end":	3.001066,					"seconds":	1.00059700012207,					"bytes":	0,					"bits_per_second":	0,					"jitter_ms":	0.93357744733698178,					"lost_packets":	0,					"packets":	0,					"lost_percent":	0,					"omitted":	false,					"sender":	false				}],			"sum":	{				"start":	2.000469,				"end":	3.001066,				"seconds":	1.00059700012207,				"bytes":	0,				"bits_per_second":	0,				"jitter_ms":	0.93357744733698178,				"lost_packets":	0,				"packets":	0,				"lost_percent":	0,				"omitted":	false,				"sender":	false			}		}, {			"streams":	[{					"socket":	5,					"start":	3.001066,					"end":	4.001055,					"seconds":	0.99998897314071655,					"bytes":	0,					"bits_per_second":	0,					"jitter_ms":	0.93357744733698178,					"lost_packets":	0,					"packets":	0,					"lost_percent":	0,					"omitted":	false,					"sender":	false				}],			"sum":	{				"start":	3.001066,				"end":	4.001055,				"seconds":	0.99998897314071655,				"bytes":	0,				"bits_per_second":	0,				"jitter_ms":	0.93357744733698178,				"lost_packets":	0,				"packets":	0,				"lost_percent":	0,				"omitted":	false,				"sender":	false			}		}, {			"streams":	[{					"socket":	5,					"start":	4.001055,					"end":	5.001066,					"seconds":	1.0000109672546387,					"bytes":	0,					"bits_per_second":	0,					"jitter_ms":	0.93357744733698178,					"lost_packets":	0,					"packets":	0,					"lost_percent":	0,					"omitted":	false,					"sender":	false				}],			"sum":	{				"start":	4.001055,				"end":	5.001066,				"seconds":	1.0000109672546387,				"bytes":	0,				"bits_per_second":	0,				"jitter_ms":	0.93357744733698178,				"lost_packets":	0,				"packets":	0,				"lost_percent":	0,				"omitted":	false,				"sender":	false			}		}, {			"streams":	[{					"socket":	5,					"start":	5.001066,					"end":	6.001059,					"seconds":	0.99999302625656128,					"bytes":	0,					"bits_per_second":	0,					"jitter_ms":	0.93357744733698178,					"lost_packets":	0,					"packets":	0,					"lost_percent":	0,					"omitted":	false,					"sender":	false				}],			"sum":	{				"start":	5.001066,				"end":	6.001059,				"seconds":	0.99999302625656128,				"bytes":	0,				"bits_per_second":	0,				"jitter_ms":	0.93357744733698178,				"lost_packets":	0,				"packets":	0,				"lost_percent":	0,				"omitted":	false,				"sender":	false			}		}, {			"streams":	[{					"socket":	5,					"start":	6.001059,					"end":	7.001057,					"seconds":	0.99999797344207764,					"bytes":	0,					"bits_per_second":	0,					"jitter_ms":	0.93357744733698178,					"lost_packets":	0,					"packets":	0,					"lost_percent":	0,					"omitted":	false,					"sender":	false				}],			"sum":	{				"start":	6.001059,				"end":	7.001057,				"seconds":	0.99999797344207764,				"bytes":	0,				"bits_per_second":	0,				"jitter_ms":	0.93357744733698178,				"lost_packets":	0,				"packets":	0,				"lost_percent":	0,				"omitted":	false,				"sender":	false			}		}, {			"streams":	[{					"socket":	5,					"start":	7.001057,					"end":	8.000547,					"seconds":	0.99949002265930176,					"bytes":	0,					"bits_per_second":	0,					"jitter_ms":	0.93357744733698178,					"lost_packets":	0,					"packets":	0,					"lost_percent":	0,					"omitted":	false,					"sender":	false				}],			"sum":	{				"start":	7.001057,				"end":	8.000547,				"seconds":	0.99949002265930176,				"bytes":	0,				"bits_per_second":	0,				"jitter_ms":	0.93357744733698178,				"lost_packets":	0,				"packets":	0,				"lost_percent":	0,				"omitted":	false,				"sender":	false			}		}, {			"streams":	[{					"socket":	5,					"start":	8.000547,					"end":	9.001059,					"seconds":	1.0005120038986206,					"bytes":	0,					"bits_per_second":	0,					"jitter_ms":	0.93357744733698178,					"lost_packets":	0,					"packets":	0,					"lost_percent":	0,					"omitted":	false,					"sender":	false				}],			"sum":	{				"start":	8.000547,				"end":	9.001059,				"seconds":	1.0005120038986206,				"bytes":	0,				"bits_per_second":	0,				"jitter_ms":	0.93357744733698178,				"lost_packets":	0,				"packets":	0,				"lost_percent":	0,				"omitted":	false,				"sender":	false			}		}, {			"streams":	[{					"socket":	5,					"start":	9.001059,					"end":	10.001055,					"seconds":	0.9999960064888,					"bytes":	0,					"bits_per_second":	0,					"jitter_ms":	0.93357744733698178,					"lost_packets":	0,					"packets":	0,					"lost_percent":	0,					"omitted":	false,					"sender":	false				}],			"sum":	{				"start":	9.001059,				"end":	10.001055,				"seconds":	0.9999960064888,				"bytes":	0,				"bits_per_second":	0,				"jitter_ms":	0.93357744733698178,				"lost_packets":	0,				"packets":	0,				"lost_percent":	0,				"omitted":	false,				"sender":	false			}		}, {			"streams":	[{					"socket":	5,					"start":	10.001055,					"end":	11.000545,					"seconds":	0.99949002265930176,					"bytes":	0,					"bits_per_second":	0,					"jitter_ms":	0.93357744733698178,					"lost_packets":	0,					"packets":	0,					"lost_percent":	0,					"omitted":	false,					"sender":	false				}],			"sum":	{				"start":	10.001055,				"end":	11.000545,				"seconds":	0.99949002265930176,				"bytes":	0,				"bits_per_second":	0,				"jitter_ms":	0.93357744733698178,				"lost_packets":	0,				"packets":	0,				"lost_percent":	0,				"omitted":	false,				"sender":	false			}		}, {			"streams":	[{					"socket":	5,					"start":	11.000545,					"end":	12.000547,					"seconds":	1.0000020265579224,					"bytes":	0,					"bits_per_second":	0,					"jitter_ms":	0.93357744733698178,					"lost_packets":	0,					"packets":	0,					"lost_percent":	0,					"omitted":	false,					"sender":	false				}],			"sum":	{				"start":	11.000545,				"end":	12.000547,				"seconds":	1.0000020265579224,				"bytes":	0,				"bits_per_second":	0,				"jitter_ms":	0.93357744733698178,				"lost_packets":	0,				"packets":	0,				"lost_percent":	0,				"omitted":	false,				"sender":	false			}		}, {			"streams":	[{					"socket":	5,					"start":	12.000547,